customer_id,customer_total_sales,customer_total_orders,customer_total_quantity,customer_unique_products
C0001,67052288.0,40,2656,30
C0002,77917319.2,56,3636,30
C0003,50921823.2,40,2365,30
C0004,62484367.6,47,2995,30
C0005,85668379.8,51,3747,30
C0006,77685503.4,46,3221,30
C0007,48267553.2,36,2263,30
C0008,49133801.0,36,2319,30
C0009,68836324.8,34,2677,30
C0010,69405822.8,50,3255,30
C0011,57187490.8,41,2717,30
C0012,54659532.0,38,2001,30
C0013,81970974.6,49,3585,30
C0014,55301444.6,31,2054,30
C0015,64944750.0,38,2619,30
C0016,77633128.0,41,3051,30
C0017,59455266.0,40,2469,30
C0018,59030468.4,36,2257,30
C0019,54871093.4,43,2359,30
C0020,48976856.0,41,2338,30
C0021,65405456.4,47,2628,30
C0022,56771100.0,39,2583,30
C0023,68015185.6,37,2461,30
C0024,62453301.2,48,2666,30
C0025,74907916.8,44,3107,30
C0026,76679411.4,41,3118,30
C0027,60238104.6,44,2664,30
C0028,42570807.4,34,2094,30
C0029,58176890.6,38,2565,30
C0030,64370910.6,38,2832,30
C0031,66478869.4,40,2659,30
C0032,74116167.4,45,3056,30
C0033,57806787.2,34,2412,30
C0034,42944978.2,33,1992,30
C0035,69432703.6,46,3072,30
C0036,60321548.8,39,2544,30
C0037,49170554.6,38,2071,30
C0038,66333798.6,41,2784,30
C0039,68445013.6,40,3061,30
C0040,55264046.6,45,2696,30
C0041,77732741.0,42,3138,30
C0042,78392790.0,44,3165,30
C0043,50240542.8,37,2535,30
C0044,55873422.6,38,2372,30
C0045,77675754.6,43,2991,30
C0046,97081196.6,51,3471,30
C0047,64303432.2,36,2568,30
C0048,51356098.4,34,2181,30
C0049,84164002.6,42,3157,30
C0050,63912172.0,30,2194,30
C0051,59958994.4,37,2634,30
C0052,57455055.6,37,2379,30
C0053,48380645.8,31,2062,29
C0054,71503829.4,42,2612,30
C0055,68815879.6,37,2941,30
C0056,65974292.4,38,2686,30
C0057,52687167.2,35,2363,30
C0058,56841153.8,41,2554,30
C0059,61020302.6,39,2659,30
C0060,82033521.6,50,3565,30
C0061,39850503.8,32,1620,30
C0062,81412848.2,38,3113,30
C0063,77222513.2,43,2940,30
C0064,66364513.6,39,2521,30
C0065,75287487.6,41,2912,30
C0066,60235825.4,38,2739,30
C0067,56503395.6,33,2337,30
C0068,59659250.6,42,2597,30
C0069,82661260.2,52,3746,30
C0070,87747724.2,48,3393,30
C0071,76936168.8,47,3399,30
C0072,59941485.6,30,2183,30
C0073,62403573.6,36,2361,30
C0074,59288601.6,45,2880,30
C0075,55423341.4,35,2375,30
C0076,87221895.8,49,3370,30
C0077,63409372.8,38,2610,30
C0078,44016970.2,33,2156,30
C0079,47715030.2,33,1990,30
C0080,64442221.6,46,2978,30
C0081,62552790.6,40,2922,30
C0082,81249145.6,50,3363,30
C0083,94364155.4,50,3739,30
C0084,90726465.4,47,3136,30
C0085,71008889.0,44,2714,30
C0086,61140968.2,30,2141,30
C0087,52685252.8,41,2659,30
C0088,63615211.0,39,2536,30
C0089,51004563.0,40,2383,30
C0090,56056558.6,45,2830,30
C0091,42545525.4,32,2175,30
C0092,49508865.6,41,2301,30
C0093,63276812.2,41,2768,30
C0094,50263933.0,33,2188,30
C0095,58809103.8,31,2419,30
C0096,60656339.0,40,2626,30
C0097,54923549.4,30,2152,30
C0098,57357413.2,37,2478,30
C0099,66209370.0,52,3268,30
C0100,50958417.2,42,2513,30
C0101,67105356.8,43,3023,30
C0102,80030261.4,38,2984,30
C0103,79536298.4,42,3102,30
C0104,44705340.8,36,2259,30
C0105,66903370.4,46,2885,30
C0106,60639108.8,42,2876,30
C0107,90133837.8,52,4068,30
C0108,42738496.6,26,1870,30
C0109,73760844.8,48,3451,30
C0110,94461957.2,44,3776,30
C0111,59356912.0,39,2663,30
C0112,59897509.0,40,2724,30
C0113,83281862.4,42,2941,30
C0114,55114526.0,36,2643,30
C0115,48843581.0,33,2177,30
C0116,76668904.6,40,3001,30
C0117,45754267.0,35,2207,30
C0118,54581290.4,39,2549,30
C0119,83814433.4,58,3605,30
C0120,52335040.0,36,2534,30
C0121,49865297.8,36,1978,30
C0122,53915180.0,33,2233,29
C0123,70243447.0,37,2661,30
C0124,65379588.0,47,3341,30
C0125,49053869.4,36,2036,30
C0126,70535310.0,39,2621,30
C0127,55495542.0,31,2386,30
C0128,73171694.8,39,2697,30
C0129,82458307.6,40,3191,30
C0130,60851805.0,41,2666,30
C0131,73559256.8,39,2892,30
C0132,50864051.6,39,2419,30
C0133,54603955.0,31,2030,30
C0134,91565309.0,50,3863,30
C0135,78383415.4,45,3145,30
C0136,52373189.0,42,2411,30
C0137,57221883.8,28,2094,30
C0138,69371199.4,41,2943,30
C0139,48432694.2,36,2222,30
C0140,74126515.8,44,3053,30
C0141,76394196.6,40,2727,30
C0142,87849122.2,48,3418,30
C0143,49888789.6,29,2049,30
C0144,54049087.6,31,2282,30
C0145,37852475.0,37,1984,30
C0146,62762832.8,33,2579,30
C0147,57961759.4,36,2494,30
C0148,59828023.0,40,2357,30
C0149,73287579.6,42,2828,30
C0150,45150214.2,34,2121,29
C0151,45382271.4,31,2127,30
C0152,63322590.0,41,3018,30
C0153,109360638.6,59,4256,30
C0154,77981883.6,46,3157,30
C0155,45589948.4,36,2002,30
C0156,67944702.4,36,2505,30
C0157,66039594.4,38,2754,30
C0158,62074622.2,37,2445,30
C0159,57251892.6,36,2691,30
C0160,76401059.6,49,3197,30
C0161,69069391.0,43,3152,30
C0162,68830756.4,30,2375,30
C0163,51460399.4,40,2598,30
C0164,59364706.6,39,2466,30
C0165,80463427.2,51,3586,30
C0166,74137215.4,34,2812,30
C0167,52892007.0,35,2402,30
C0168,77926391.0,38,3157,30
C0169,80772054.4,44,3130,30
C0170,48302583.4,32,2167,30
C0171,68022564.0,36,2524,30
C0172,72288356.4,42,2786,30
C0173,63791487.8,36,2876,30
C0174,37034465.8,34,1916,30
C0175,67902256.2,41,2665,30
C0176,68872893.2,44,2963,30
C0177,40099837.2,30,2178,30
C0178,97309961.6,58,3957,30
C0179,44818951.8,35,2354,30
C0180,33556847.4,31,2147,29
C0181,60094083.2,40,2681,30
C0182,45656632.6,32,2103,30
C0183,41359486.8,32,2115,30
C0184,72655964.8,35,2846,30
C0185,58416829.8,39,2520,30
C0186,77458487.0,42,2994,30
C0187,49675352.0,31,2049,30
C0188,61533771.8,45,2764,30
C0189,69544094.2,41,3262,30
C0190,63609819.4,38,2539,30
C0191,71483715.2,31,2309,30
C0192,75785020.6,43,2799,30
C0193,73624933.0,44,3001,30
C0194,50090927.4,36,1845,30
C0195,59145431.2,33,2247,30
C0196,78120269.6,54,3483,30
C0197,85162557.6,50,3431,30
C0198,65200086.6,38,2497,30
C0199,53138757.0,38,2572,30
C0200,93452113.6,52,3792,30
C0201,84633831.6,49,3466,30
C0202,58935549.4,35,2704,30
C0203,55254922.2,37,2453,30
C0204,43385471.0,33,2029,30
C0205,68750922.6,39,2580,30
C0206,96630874.4,46,3567,30
C0207,101737768.4,51,3583,30
C0208,51714962.2,34,2464,30
C0209,72304789.4,46,3052,30
C0210,54645456.0,32,2125,30
C0211,63897083.2,45,3416,30
C0212,48934838.0,35,2096,30
C0213,68039047.6,32,2288,30
C0214,54155736.6,35,2449,30
C0215,79956715.4,53,3911,30
C0216,76597799.4,46,3001,30
C0217,63312018.8,38,2466,30
C0218,55544090.8,45,2735,30
C0219,79417300.6,48,3279,30
C0220,54813895.4,47,2805,30
C0221,82001959.0,44,2968,30
C0222,61184396.6,44,2779,30
C0223,54993118.6,34,2430,30
C0224,58349595.8,40,2639,30
C0225,72456292.4,51,2972,30
C0226,49907828.2,28,2327,30
C0227,65155178.8,39,2412,30
C0228,65812402.2,36,2375,30
C0229,46111656.0,29,1653,30
C0230,68274085.2,41,3170,30
C0231,66737768.0,39,2916,30
C0232,62766339.2,41,2856,30
C0233,54215650.4,34,2463,30
C0234,80621425.6,33,2845,30
C0235,67658054.0,43,2933,30
C0236,70995165.6,47,2825,30
C0237,76179786.8,46,2776,30
C0238,39369812.4,32,1995,30
C0239,55722404.6,38,2334,30
C0240,104286776.8,50,3799,30
C0241,90825382.8,46,3441,30
C0242,77418552.4,50,3189,30
C0243,50637406.0,34,2421,30
C0244,82751848.8,48,3292,30
C0245,59459217.6,37,2417,30
C0246,78316881.4,37,2548,30
C0247,71151399.8,42,2998,30
C0248,45208412.0,30,1809,30
C0249,67200206.8,40,2725,30
C0250,80665961.2,45,3308,30
C0251,63937240.8,39,2446,30
C0252,50788059.0,38,2324,30
C0253,75155616.4,40,3155,30
C0254,96361380.0,52,3634,30
C0255,76546128.2,49,3492,30
C0256,63561255.0,34,2639,30
C0257,76640757.4,45,3363,30
C0258,69315386.0,31,2559,30
C0259,66515887.2,37,2602,30
C0260,66249877.0,38,2743,30
C0261,73371667.4,40,3010,30
C0262,48644883.2,30,2116,30
C0263,70309921.0,40,2906,30
C0264,72106046.6,39,2551,30
C0265,56239915.0,33,2390,30
C0266,59493819.2,37,2667,30
C0267,49252642.4,33,2205,30
C0268,69239445.0,37,2712,30
C0269,74531970.2,48,3360,30
C0270,73637293.4,46,3044,30
C0271,43599972.6,28,1929,29
C0272,82042535.4,43,3277,30
C0273,64620418.2,40,2755,30
C0274,64071466.6,42,2573,30
C0275,66880783.6,47,2920,30
C0276,79846720.4,49,3459,30
C0277,45731394.2,38,2337,30
C0278,59961056.4,45,3072,30
C0279,38851894.0,28,2104,30
C0280,64583738.6,47,3026,30
C0281,52632947.4,31,2247,30
C0282,78317730.4,51,3781,30
C0283,46063181.6,33,2160,30
C0284,78191857.0,45,3369,30
C0285,57166086.6,51,2931,30
C0286,64515433.4,39,2975,30
C0287,55179366.6,36,2332,30
C0288,107119652.2,63,4626,30
C0289,57538580.4,40,2569,30
C0290,66221482.2,46,2872,30
C0291,93293350.4,54,3766,30
C0292,39031937.8,31,1714,30
C0293,73130661.4,42,3173,30
C0294,88081900.8,51,4025,30
C0295,80533744.6,46,3270,30
C0296,59283432.8,41,2593,30
C0297,79590004.4,39,3033,30
C0298,54524918.8,37,2423,30
C0299,53895506.2,37,2565,30
C0300,77188710.6,44,3058,30
C0301,64808979.2,47,2645,30
C0302,66273983.0,42,2575,30
C0303,38889030.8,31,1997,30
C0304,91211305.8,51,3790,30
C0305,52766904.8,33,2044,30
C0306,72686638.2,47,2868,30
C0307,87787133.2,48,3291,30
C0308,53708429.6,36,2371,30
C0309,38759244.8,32,1893,30
C0310,65486421.4,41,2987,30
C0311,78976613.2,46,3214,30
C0312,67470700.2,40,2866,30
C0313,53136931.2,32,2205,30
C0314,69465050.8,45,2829,30
C0315,63797282.4,42,2834,30
C0316,51245092.4,38,2180,30
C0317,52093578.6,38,2529,30
C0318,74022907.8,41,2957,30
C0319,69856429.4,37,2936,30
C0320,54602363.0,35,2146,30
C0321,62032369.0,42,2813,30
C0322,41492290.0,29,1995,30
C0323,57786002.2,40,2573,30
C0324,55237914.6,38,2585,30
C0325,56775486.8,33,1858,30
C0326,70540745.6,47,3035,30
C0327,62303773.6,45,2718,30
C0328,68279316.4,40,2732,30
C0329,64307436.8,36,2480,30
C0330,58287142.6,41,2863,30
C0331,69377141.2,44,3434,30
C0332,52716408.8,39,2412,30
C0333,66085313.2,42,2957,30
C0334,43977096.8,37,2057,30
C0335,67074367.8,43,3174,30
C0336,45959667.0,39,2261,30
C0337,74236665.0,35,2775,30
C0338,54984288.4,38,2320,30
C0339,52031024.0,27,1972,30
C0340,70311394.8,39,2785,30
C0341,70851281.4,38,2834,30
C0342,100153639.6,44,3725,30
C0343,75493416.4,45,2906,30
C0344,50089886.6,30,2125,30
C0345,56899456.6,44,2735,30
C0346,54686860.8,39,2411,30
C0347,29076137.0,27,1584,30
C0348,55466523.4,35,2618,30
C0349,65933267.4,36,2751,30
C0350,49779071.0,37,2189,30
C0351,48026434.2,38,2488,30
C0352,53320209.4,37,2463,30
C0353,35859534.8,30,1935,30
C0354,62107608.0,41,2800,30
C0355,73634372.6,40,2851,30
C0356,79690881.0,45,3218,30
C0357,61407267.4,32,2173,30
C0358,68550380.4,40,2669,30
C0359,99895983.4,52,3851,30
C0360,60127880.8,34,2454,30
C0361,58802186.0,35,2366,30
C0362,57018296.0,42,2667,30
C0363,64018233.4,37,2801,30
C0364,61474010.8,38,2656,30
C0365,66847837.2,47,3234,30
C0366,46920707.6,30,1771,30
C0367,61649463.4,31,2403,30
C0368,54132389.8,33,2185,30
C0369,76487726.6,46,3047,30
C0370,58581481.2,41,2621,30
C0371,91039744.6,51,3092,30
C0372,53251324.8,37,2270,30
C0373,77626618.6,43,3071,30
C0374,74514218.8,46,3203,30
C0375,83627577.8,44,3155,30
C0376,62674127.8,35,2814,30
C0377,72235206.4,40,2878,30
C0378,62811212.6,42,2762,30
C0379,66830982.6,44,3010,30
C0380,91048215.0,58,4063,30
C0381,68417032.8,34,2374,30
C0382,50583035.6,37,2710,30
C0383,71832906.0,43,2872,30
C0384,81888155.8,42,3384,30
C0385,76626473.0,42,2949,30
C0386,53754976.6,38,2488,30
C0387,55063811.6,38,2894,30
C0388,53499029.0,34,2182,30
C0389,56596362.6,33,2232,30
C0390,67178497.6,35,2582,30
C0391,54227537.6,35,2274,30
C0392,47369152.4,34,1945,30
C0393,57683779.4,42,2367,30
C0394,84930805.8,46,3405,30
C0395,64514679.8,44,2938,30
C0396,67383019.2,40,2897,30
C0397,60279612.2,41,2720,30
C0398,68352134.0,43,3153,30
C0399,62998360.6,42,2656,30
C0400,53789410.8,38,2330,30
C0401,61848709.2,38,2505,30
C0402,51082966.6,39,2501,30
C0403,85078442.8,49,3658,30
C0404,57215502.0,35,2374,30
C0405,56480507.0,37,2259,30
C0406,70714584.6,37,2628,30
C0407,65695217.4,43,2773,30
C0408,69586523.2,39,2900,30
C0409,60821412.6,45,2971,30
C0410,62834152.6,42,2714,30
C0411,77930913.2,46,3012,30
C0412,49251584.6,37,2070,30
C0413,69429652.6,46,3109,30
C0414,69142464.4,44,2672,30
C0415,73386860.0,36,3025,30
C0416,53927329.4,43,2911,30
C0417,56892210.6,36,2290,30
C0418,49957660.0,32,2243,30
C0419,63139736.8,34,2293,30
C0420,105420085.2,54,4133,30
C0421,88158611.2,45,3405,30
C0422,78729224.2,44,3019,30
C0423,55793317.0,35,2455,30
C0424,63757994.8,38,3059,30
C0425,73307047.0,44,2773,30
C0426,60676762.6,40,2623,30
C0427,60390081.4,46,2646,30
C0428,72557852.6,45,3061,30
C0429,71560643.6,44,2856,30
C0430,47869210.4,29,2199,30
C0431,50133961.8,31,2010,30
C0432,55153813.4,41,2547,30
C0433,65222517.6,38,3012,30
C0434,54780833.4,35,2174,30
C0435,84330852.8,57,3742,30
C0436,63326538.6,38,2905,30
C0437,49034632.4,32,2097,30
C0438,67257764.0,45,3016,30
C0439,63476155.8,43,2755,30
C0440,86507191.8,47,3555,30
C0441,52770182.0,35,2635,30
C0442,60326225.8,36,2373,30
C0443,66704165.0,43,2920,30
C0444,59419781.4,35,2853,30
C0445,62230426.6,30,2285,30
C0446,55273239.8,36,2401,30
C0447,74979355.4,39,3115,30
C0448,68537789.4,37,2535,30
C0449,63310212.0,37,2543,30
C0450,62233287.4,43,2678,30
C0451,52353064.4,42,2397,30
C0452,50797162.6,42,2639,30
C0453,65818457.0,36,2909,30
C0454,46799854.2,37,2154,30
C0455,73447442.0,40,2848,30
C0456,34272135.8,29,1677,30
C0457,61313002.6,35,2723,30
C0458,61418386.0,43,2970,30
C0459,79388823.0,45,3116,30
C0460,72367400.6,36,2905,30
C0461,71054553.4,42,3079,30
C0462,92177113.6,52,3826,30
C0463,58325024.0,36,2670,30
C0464,67409135.2,39,2845,30
C0465,54021591.4,39,2713,30
C0466,99913868.2,52,3880,30
C0467,67788106.8,55,2898,30
C0468,89417777.4,56,3955,30
C0469,71372672.2,44,3044,30
C0470,54364363.0,44,2622,30
C0471,74383440.6,42,3064,30
C0472,58343752.4,37,2818,30
C0473,51561279.0,31,2056,30
C0474,53742284.8,35,2257,30
C0475,97922412.6,58,4343,30
C0476,84202311.6,38,2530,30
C0477,57871728.4,37,2745,30
C0478,79015238.4,47,3323,30
C0479,39881485.2,29,1874,30
C0480,58091138.8,37,2491,30
C0481,61067778.2,40,2894,30
C0482,81628023.2,36,2843,30
C0483,108672502.0,53,3846,30
C0484,53367824.4,31,2368,30
C0485,66922042.0,34,2620,30
C0486,68491843.6,42,3174,30
C0487,46208581.6,31,1910,30
C0488,74510940.6,40,3168,30
C0489,78799228.8,51,3366,30
C0490,93900425.2,50,4114,30
C0491,78280966.4,32,2861,30
C0492,65225924.2,37,2768,30
C0493,67033833.2,45,3145,30
C0494,48287535.6,32,2140,30
C0495,105717422.2,52,3819,30
C0496,63706971.4,41,2547,30
C0497,54198333.6,33,2411,30
C0498,66413930.8,30,2160,30
C0499,72950313.2,44,2851,30
C0500,46749033.2,29,2099,30
