customer_id,total_orders,total_units,total_revenue,products_purchased,branches_used,customer_type,industry_segment,city,state,region,average_order_value,average_units_per_order,revenue_share_percentage,customer_value_category,revenue_share,cumulative_revenue_share
C0153,59,4256,85877020,30,1,Retail,Rental,Patna,Bihar,East,1455542.7118644067,72.13559322033899,0.33746883810401673,High Value,0.0033746883810401676,0.0033746883810401676
C0483,53,3846,85183900,30,1,Corporate,Rental,Delhi,Delhi,North,1607243.3962264152,72.56603773584905,0.334745101287501,High Value,0.00334745101287501,0.006722139393915178
C0288,63,4626,84094790,30,1,Dealer,Infrastructure,Delhi,Delhi,North,1334837.9365079366,73.42857142857143,0.3304652521932094,High Value,0.003304652521932094,0.010026791915847271
C0495,52,3819,82914040,30,1,Fleet Owner,Infrastructure,Jaipur,Rajasthan,North,1594500.7692307692,73.4423076923077,0.32582528761838697,High Value,0.0032582528761838695,0.013285044792031141
C0420,54,4133,82700390,30,1,Retail,Rental,Chennai,Tamil Nadu,South,1531488.7037037036,76.53703703703704,0.3249857124065209,High Value,0.003249857124065209,0.01653490191609635
C0240,50,3799,81776260,30,1,Corporate,Manufacturing,Hyderabad,Telangana,South,1635525.2,75.98,0.3213541812081041,High Value,0.003213541812081041,0.01974844372817739
C0207,51,3583,79795630,30,1,Corporate,Rental,Kolkata,West Bengal,East,1564620.1960784313,70.25490196078431,0.313570947639753,High Value,0.00313570947639753,0.02288415320457492
C0342,44,3725,78469470,30,1,Dealer,Infrastructure,Delhi,Delhi,North,1783397.0454545454,84.6590909090909,0.30835956892237293,High Value,0.003083595689223729,0.02596774889379865
C0359,52,3851,78412380,30,1,Fleet Owner,Mining,Hyderabad,Telangana,South,1507930.3846153845,74.0576923076923,0.30813522373704444,High Value,0.0030813522373704444,0.029049101131169094
C0466,52,3880,78342990,30,1,Retail,Manufacturing,Bengaluru,Karnataka,South,1506595.9615384615,74.61538461538461,0.30786254354068876,High Value,0.003078625435406888,0.03212772656657598
C0475,58,4343,76825820,30,1,Fleet Owner,Construction,Kolkata,West Bengal,East,1324583.103448276,74.87931034482759,0.3019005574691382,High Value,0.003019005574691382,0.035146732141267366
C0178,58,3957,76367620,30,1,Dealer,Logistics,Kolkata,West Bengal,East,1316683.103448276,68.22413793103448,0.30009998006648425,High Value,0.0030009998006648424,0.03814773194193221
C0046,51,3471,76069120,30,1,Retail,Rental,Ahmedabad,Gujarat,West,1491551.3725490195,68.05882352941177,0.2989269718720447,High Value,0.002989269718720447,0.04113700166065266
C0206,46,3567,75741580,30,1,Retail,Construction,Pune,Maharashtra,West,1646556.0869565217,77.54347826086956,0.29763984589547277,High Value,0.0029763984589547274,0.044113400119607384
C0254,52,3634,75547750,30,1,Dealer,Mining,Ahmedabad,Gujarat,West,1452841.3461538462,69.88461538461539,0.29687815685584723,High Value,0.002968781568558472,0.04708218168816586
C0110,44,3776,74097790,30,1,Dealer,Logistics,Indore,Madhya Pradesh,Central,1684040.6818181819,85.81818181818181,0.291180284287641,High Value,0.00291180284287641,0.04999398453104227
C0083,50,3739,74075280,30,1,Dealer,Infrastructure,Delhi,Delhi,North,1481505.6,74.78,0.2910918272877856,High Value,0.002910918272877856,0.05290490280392013
C0490,50,4114,73710890,30,1,Government,Logistics,Pune,Maharashtra,West,1474217.8,82.28,0.28965989276191684,High Value,0.0028965989276191683,0.0558015017315393
C0200,52,3792,73304770,30,1,Retail,Logistics,Ranchi,Jharkhand,East,1409707.1153846155,72.92307692307692,0.28806397286936813,High Value,0.0028806397286936813,0.05868214146023298
C0291,54,3766,73179030,30,1,Retail,Construction,Hyderabad,Telangana,South,1355167.2222222222,69.74074074074075,0.287569855447697,High Value,0.00287569855447697,0.061557840014709944
C0462,52,3826,72302020,30,1,Retail,Logistics,Chennai,Tamil Nadu,South,1390423.4615384615,73.57692307692308,0.28412349056794683,High Value,0.0028412349056794683,0.06439907492038942
C0134,50,3863,71908050,30,1,Fleet Owner,Infrastructure,Ahmedabad,Gujarat,West,1438161.0,77.26,0.28257531623507126,High Value,0.0028257531623507126,0.06722482808274013
C0304,51,3790,71638560,30,1,Dealer,Construction,Delhi,Delhi,North,1404677.6470588236,74.31372549019608,0.2815163079324933,High Value,0.002815163079324933,0.07003999116206507
C0380,58,4063,71455250,30,1,Fleet Owner,Manufacturing,Hyderabad,Telangana,South,1231987.0689655172,70.05172413793103,0.28079595908116095,High Value,0.0028079595908116098,0.07284795075287667
C0371,51,3092,71366470,30,1,Retail,Rental,Hyderabad,Telangana,South,1399342.549019608,60.627450980392155,0.2804470824731129,High Value,0.002804470824731129,0.0756524215776078
C0241,46,3441,71234710,30,1,Government,Construction,Ahmedabad,Gujarat,West,1548580.652173913,74.80434782608695,0.27992930840376834,High Value,0.0027992930840376835,0.0784517146616455
C0084,47,3136,71147780,30,1,Corporate,Logistics,Pune,Maharashtra,West,1513782.5531914893,66.72340425531915,0.2795877016957528,High Value,0.0027958770169575283,0.08124759167860303
C0107,52,4068,70691460,30,1,Fleet Owner,Construction,Delhi,Delhi,North,1359451.1538461538,78.23076923076923,0.2777945120834022,High Value,0.0027779451208340225,0.08402553679943706
C0468,56,3955,70116180,30,1,Fleet Owner,Rental,Hyderabad,Telangana,South,1252074.642857143,70.625,0.2755338482505808,High Value,0.0027553384825058083,0.08678087528194287
C0421,45,3405,69154590,30,1,Retail,Construction,Chennai,Tamil Nadu,South,1536768.6666666667,75.66666666666667,0.2717551114006943,High Value,0.002717551114006943,0.0894984263959498
C0294,51,4025,69115310,30,1,Government,Infrastructure,Hyderabad,Telangana,South,1355202.156862745,78.92156862745098,0.27160075373946285,High Value,0.0027160075373946287,0.09221443393334444
C0142,48,3418,68942040,30,1,Retail,Manufacturing,Ahmedabad,Gujarat,West,1436292.5,71.20833333333333,0.2709198588320909,High Value,0.002709198588320909,0.09492363252166536
C0307,48,3291,68834490,30,1,Dealer,Manufacturing,Ahmedabad,Gujarat,West,1434051.875,68.5625,0.27049722221128025,High Value,0.0027049722221128025,0.09762860474377816
C0070,48,3393,68783440,30,1,Government,Logistics,Ahmedabad,Gujarat,West,1432988.3333333333,70.6875,0.2702966122671391,High Value,0.002702966122671391,0.10033157086644955
C0076,49,3370,68416560,30,1,Government,Mining,Chennai,Tamil Nadu,South,1396256.3265306123,68.77551020408163,0.2688548928487941,High Value,0.002688548928487941,0.10302011979493748
C0440,47,3555,67904760,30,1,Retail,Manufacturing,Hyderabad,Telangana,South,1444782.1276595744,75.63829787234043,0.26684368482898113,High Value,0.0026684368482898114,0.1056885566432273
C0005,51,3747,67256610,30,1,Dealer,Construction,Ahmedabad,Gujarat,West,1318757.0588235294,73.47058823529412,0.2642966655283916,High Value,0.0026429666552839157,0.10833152329851121
C0197,50,3431,66821570,30,1,Government,Manufacturing,Ahmedabad,Gujarat,West,1336431.4,68.62,0.26258709941479363,High Value,0.0026258709941479365,0.11095739429265915
C0403,49,3658,66810710,30,1,Government,Construction,Kolkata,West Bengal,East,1363483.8775510204,74.65306122448979,0.2625444231367648,High Value,0.002625444231367648,0.1135828385240268
C0394,46,3405,66611310,30,1,Government,Construction,Hyderabad,Telangana,South,1448071.956521739,74.02173913043478,0.26176084580352776,High Value,0.0026176084580352777,0.11620044698206208
C0201,49,3466,66387120,30,1,Dealer,Infrastructure,Chennai,Tamil Nadu,South,1354839.1836734693,70.73469387755102,0.26087985180985473,High Value,0.0026087985180985474,0.11880924550016063
C0435,57,3742,66153460,30,1,Dealer,Manufacturing,Chennai,Tamil Nadu,South,1160587.0175438595,65.64912280701755,0.25996164378736647,High Value,0.0025996164378736648,0.1214088619380343
C0049,42,3157,66038070,30,1,Dealer,Manufacturing,Coimbatore,Tamil Nadu,South,1572335.0,75.16666666666667,0.25950819850912066,High Value,0.0025950819850912065,0.1240039439231255
C0476,38,2530,65951870,30,1,Fleet Owner,Infrastructure,Delhi,Delhi,North,1735575.5263157894,66.57894736842105,0.25916946046436123,High Value,0.0025916946046436124,0.12659563852776912
C0119,58,3605,65855380,30,1,Government,Manufacturing,Surat,Gujarat,West,1135437.5862068965,62.1551724137931,0.2587902860567181,High Value,0.002587902860567181,0.1291835413883363
C0375,44,3155,65579710,30,1,Fleet Owner,Mining,Surat,Gujarat,West,1490447.9545454546,71.70454545454545,0.25770699235835576,High Value,0.0025770699235835577,0.13176061131191985
C0113,42,2941,65271430,30,1,Corporate,Logistics,Chennai,Tamil Nadu,South,1554081.6666666667,70.02380952380952,0.2564955519356361,High Value,0.002564955519356361,0.13432556683127622
C0244,48,3292,64972160,30,1,Government,Logistics,Lucknow,Uttar Pradesh,North,1353586.6666666667,68.58333333333333,0.25531951789091273,High Value,0.0025531951789091274,0.13687876201018534
C0069,52,3746,64878390,30,1,Dealer,Logistics,Delhi,Delhi,North,1247661.3461538462,72.03846153846153,0.2549510322011553,High Value,0.002549510322011553,0.1394282723321969
C0129,40,3191,64690070,30,1,Corporate,Mining,Delhi,Delhi,North,1617251.75,79.775,0.2542109956745997,High Value,0.002542109956745997,0.1419703822889429
C0060,50,3565,64410620,30,1,Dealer,Mining,Hyderabad,Telangana,South,1288212.4,71.3,0.25311284780211685,High Value,0.0025311284780211683,0.14450151076696408
C0013,49,3585,64377720,30,1,Dealer,Construction,Surat,Gujarat,West,1313831.0204081633,73.16326530612245,0.2529835614718084,High Value,0.002529835614718084,0.14703134638168217
C0272,43,3277,64345280,30,1,Government,Construction,Delhi,Delhi,North,1496401.8604651163,76.20930232558139,0.25285608279231886,High Value,0.0025285608279231888,0.14955990720960535
C0221,44,2968,64336800,30,1,Dealer,Logistics,Delhi,Delhi,North,1462200.0,67.45454545454545,0.25282275914244,High Value,0.0025282275914244,0.15208813480102976
C0384,42,3384,64311810,30,1,Retail,Construction,Chennai,Tamil Nadu,South,1531233.5714285714,80.57142857142857,0.2527245565468653,High Value,0.0025272455654686533,0.1546153803664984
C0482,36,2843,64020490,30,1,Fleet Owner,Logistics,Kolkata,West Bengal,East,1778346.9444444445,78.97222222222223,0.2515797634239034,High Value,0.0025157976342390343,0.15713117800073745
C0082,50,3363,63866170,30,1,Fleet Owner,Manufacturing,Ahmedabad,Gujarat,West,1277323.4,67.26,0.2509733358709188,High Value,0.002509733358709188,0.15964091135944664
C0062,38,3113,63839240,30,1,Dealer,Construction,Hyderabad,Telangana,South,1679980.0,81.92105263157895,0.25086750970449917,High Value,0.0025086750970449915,0.16214958645649163
C0169,44,3130,63375830,30,1,Fleet Owner,Construction,Ahmedabad,Gujarat,West,1440359.7727272727,71.13636363636364,0.2490464586914833,High Value,0.002490464586914833,0.16464005104340645
C0234,33,2845,63256170,30,1,Corporate,Infrastructure,Surat,Gujarat,West,1916853.6363636365,86.21212121212122,0.24857623369802725,High Value,0.0024857623369802725,0.16712581338038673
C0250,45,3308,63230590,30,1,Government,Infrastructure,Patna,Bihar,East,1405124.2222222222,73.5111111111111,0.24847571259379353,High Value,0.002484757125937935,0.16961057050632466
C0295,46,3270,63205470,30,1,Corporate,Mining,Kolkata,West Bengal,East,1374031.956521739,71.08695652173913,0.24837699914037875,High Value,0.0024837699914037874,0.17209434049772845
C0165,51,3586,63180540,30,1,Fleet Owner,Manufacturing,Delhi,Delhi,North,1238834.1176470588,70.31372549019608,0.24827903232534565,High Value,0.0024827903232534565,0.17457713082098192
C0215,53,3911,62827530,30,1,Corporate,Rental,Chennai,Tamil Nadu,South,1185425.0943396227,73.79245283018868,0.24689181750886624,High Value,0.0024689181750886624,0.17704604899607057
C0102,38,2984,62773480,30,1,Government,Infrastructure,Patna,Bihar,East,1651933.6842105263,78.52631578947368,0.24667941853764525,High Value,0.0024667941853764525,0.17951284318144703
C0276,49,3459,62626530,30,1,Dealer,Manufacturing,Indore,Madhya Pradesh,Central,1278092.448979592,70.59183673469387,0.24610195269451998,High Value,0.0024610195269451998,0.18197386270839222
C0356,45,3218,62479450,30,1,Dealer,Mining,Bhubaneswar,Odisha,East,1388432.2222222222,71.5111111111111,0.2455239759935546,High Value,0.002455239759935546,0.18442910246832778
C0103,42,3102,62476630,30,1,Dealer,Infrastructure,Coimbatore,Tamil Nadu,South,1487538.8095238095,73.85714285714286,0.2455128943080996,High Value,0.002455128943080996,0.18688423141140878
C0297,39,3033,62422580,30,1,Fleet Owner,Rental,Chennai,Tamil Nadu,South,1600578.9743589743,77.76923076923077,0.24530049533687862,High Value,0.002453004953368786,0.18933723636477756
C0219,48,3279,62317920,30,1,Government,Manufacturing,Pune,Maharashtra,West,1298290.0,68.3125,0.24488921547882156,High Value,0.0024488921547882155,0.19178612851956578
C0459,45,3116,62289100,30,1,Retail,Logistics,Ranchi,Jharkhand,East,1384202.2222222222,69.24444444444444,0.24477596222534168,High Value,0.0024477596222534166,0.1942338881418192
C0478,47,3323,61995630,30,1,Retail,Rental,Delhi,Delhi,North,1319055.9574468085,70.70212765957447,0.24362272029963922,High Value,0.0024362272029963923,0.19667011534481557
C0311,46,3214,61951490,30,1,Government,Infrastructure,Chandigarh,Punjab,North,1346771.5217391304,69.8695652173913,0.24344926441453849,High Value,0.002434492644145385,0.19910460798896096
C0489,51,3366,61811660,30,1,Fleet Owner,Rental,Chennai,Tamil Nadu,South,1211993.3333333333,66.0,0.2428997778623493,High Value,0.002428997778623493,0.20153360576758445
C0422,44,3019,61810690,30,1,Government,Construction,Hyderabad,Telangana,South,1404788.4090909092,68.61363636363636,0.24289596607692684,High Value,0.0024289596607692684,0.20396256542835373
C0282,51,3781,61527530,30,1,Government,Logistics,Kolkata,West Bengal,East,1206422.156862745,74.13725490196079,0.24178323910762195,High Value,0.0024178323910762196,0.20638039781942993
C0042,44,3165,61493750,30,1,Fleet Owner,Rental,Chennai,Tamil Nadu,South,1397585.2272727273,71.93181818181819,0.2416504946627035,High Value,0.002416504946627035,0.20879690276605697
C0135,45,3145,61465530,30,1,Retail,Rental,Bengaluru,Karnataka,South,1365900.6666666667,69.88888888888889,0.24153959921463952,High Value,0.0024153959921463953,0.21121229875820338
C0491,32,2861,61370730,30,1,Dealer,Infrastructure,Chennai,Tamil Nadu,South,1917835.3125,89.40625,0.24116706595891804,High Value,0.0024116706595891805,0.21362396941779258
C0246,37,2548,61368980,30,1,Retail,Manufacturing,Delhi,Delhi,North,1658621.0810810812,68.86486486486487,0.2411601890264548,High Value,0.002411601890264548,0.21603557130805712
C0284,45,3369,61309650,30,1,Corporate,Manufacturing,Kolkata,West Bengal,East,1362436.6666666667,74.86666666666666,0.24092704136757342,High Value,0.002409270413675734,0.21844484172173284
C0196,54,3483,61286970,30,1,Fleet Owner,Rental,Guwahati,Assam,North East,1134943.888888889,64.5,0.24083791632285018,High Value,0.002408379163228502,0.22085322088496134
C0168,38,3157,61195700,30,1,Dealer,Infrastructure,Pune,Maharashtra,West,1610413.1578947369,83.07894736842105,0.2404792548223259,High Value,0.002404792548223259,0.2232580134331846
C0154,46,3157,61178520,30,1,Fleet Owner,Logistics,Delhi,Delhi,North,1329967.8260869565,68.6304347826087,0.24041174299391563,High Value,0.002404117429939156,0.22566213086312376
C0002,56,3636,61160690,30,1,Fleet Owner,Manufacturing,Hyderabad,Telangana,South,1092155.1785714286,64.92857142857143,0.2403416768763047,High Value,0.002403416768763047,0.2280655476318868
C0411,46,3012,61125740,30,1,Corporate,Mining,Hyderabad,Telangana,South,1328820.4347826086,65.47826086956522,0.24020433471082508,High Value,0.002402043347108251,0.23046759097899505
C0006,46,3221,60992880,30,1,Government,Construction,Ahmedabad,Gujarat,West,1325932.1739130435,70.02173913043478,0.23968223799821792,High Value,0.0023968223799821792,0.23286441335897723
C0045,43,2991,60965470,30,1,Corporate,Rental,Kolkata,West Bengal,East,1417801.6279069767,69.55813953488372,0.2395745255874655,High Value,0.002395745255874655,0.2352601586148519
C0041,42,3138,60948700,30,1,Government,Rental,Hyderabad,Telangana,South,1451159.5238095238,74.71428571428571,0.2395086249260895,High Value,0.0023950862492608947,0.2376552448641128
C0373,43,3071,60942770,30,1,Corporate,Manufacturing,Hyderabad,Telangana,South,1417273.7209302327,71.4186046511628,0.23948532194922845,High Value,0.0023948532194922843,0.24005009808360508
C0016,41,3051,60898100,30,1,Government,Rental,Ranchi,Jharkhand,East,1485319.512195122,74.41463414634147,0.2393097833360103,High Value,0.002393097833360103,0.2424431959169652
C0242,50,3189,60722930,30,1,Government,Construction,Chennai,Tamil Nadu,South,1214458.6,63.78,0.23862142204482106,High Value,0.0023862142204482107,0.2448294101374134
C0186,42,2994,60717650,30,1,Fleet Owner,Infrastructure,Kolkata,West Bengal,East,1445658.3333333333,71.28571428571429,0.23860067335716068,High Value,0.0023860067335716066,0.24721541687098503
C0300,44,3058,60578170,30,1,Dealer,Mining,Delhi,Delhi,North,1376776.5909090908,69.5,0.23805256219146406,High Value,0.0023805256219146405,0.24959594249289968
C0063,43,2940,60573240,30,1,Retail,Rental,Delhi,Delhi,North,1408680.0,68.37209302325581,0.2380331888902963,High Value,0.002380331888902963,0.25197627438180265
C0071,47,3399,60419160,30,1,Corporate,Rental,Jaipur,Rajasthan,North,1285514.0425531915,72.31914893617021,0.23742770445947803,High Value,0.0023742770445947803,0.2543505514263974
C0257,45,3363,60172930,30,1,Corporate,Logistics,Delhi,Delhi,North,1337176.2222222222,74.73333333333333,0.23646010041352541,High Value,0.0023646010041352542,0.25671515243053267
C0116,40,3001,60134220,30,1,Dealer,Construction,Delhi,Delhi,North,1503355.5,75.025,0.23630798266743913,High Value,0.0023630798266743914,0.25907823225720705
C0026,41,3118,60102980,30,1,Fleet Owner,Mining,Jaipur,Rajasthan,North,1465926.3414634147,76.04878048780488,0.23618521959878155,High Value,0.0023618521959878156,0.2614400844531949
C0255,49,3492,60102490,30,1,Retail,Infrastructure,Chennai,Tamil Nadu,South,1226581.4285714286,71.26530612244898,0.23618329405769187,High Value,0.0023618329405769188,0.2638019173937718
C0216,46,3001,60089830,30,1,Government,Mining,Kolkata,West Bengal,East,1306300.652173913,65.23913043478261,0.2361335443634151,High Value,0.002361335443634151,0.26616325283740594
C0385,42,2949,60053350,30,1,Corporate,Manufacturing,Ahmedabad,Gujarat,West,1429841.6666666667,70.21428571428571,0.23599018979412484,High Value,0.0023599018979412485,0.2685231547353472
C0160,49,3197,59980970,30,1,Retail,Rental,Ahmedabad,Gujarat,West,1224101.4285714286,65.24489795918367,0.23570575986744635,High Value,0.0023570575986744634,0.27088021233402165
C0369,46,3047,59977870,30,1,Government,Manufacturing,Pune,Maharashtra,West,1303866.7391304348,66.23913043478261,0.2356935778727972,High Value,0.002356935778727972,0.27323714811274963
C0141,40,2727,59888120,30,1,Corporate,Rental,Ahmedabad,Gujarat,West,1497203.0,68.175,0.2353408894793267,High Value,0.002353408894793267,0.27559055700754287
C0237,46,2776,59754510,30,1,Dealer,Infrastructure,Coimbatore,Tamil Nadu,South,1299011.0869565217,60.34782608695652,0.23481584550994958,High Value,0.0023481584550994958,0.27793871546264237
C0192,43,2799,59390920,30,1,Fleet Owner,Logistics,Patna,Bihar,East,1381184.1860465116,65.09302325581395,0.23338705472463542,High Value,0.002333870547246354,0.28027258600988875
C0343,45,2906,59151480,30,1,Corporate,Construction,Pune,Maharashtra,West,1314477.3333333333,64.57777777777778,0.23244613317664006,High Value,0.0023244613317664007,0.28259704734165514
C0065,41,2912,59050070,30,1,Corporate,Mining,Vadodara,Gujarat,West,1440245.6097560977,71.02439024390245,0.2320476247645861,High Value,0.002320476247645861,0.284917523589301
C0253,40,3155,59006480,30,1,Retail,Rental,Pune,Maharashtra,West,1475162.0,78.875,0.23187633020111667,High Value,0.0023187633020111667,0.28723628689131214
C0447,39,3115,58830780,30,1,Fleet Owner,Rental,Kolkata,West Bengal,East,1508481.5384615385,79.87179487179488,0.23118588618181005,High Value,0.0023118588618181004,0.28954814575313026
C0025,44,3107,58809760,30,1,Corporate,Infrastructure,Pune,Maharashtra,West,1336585.4545454546,70.61363636363636,0.23110328439873762,High Value,0.0023110328439873763,0.29185917859711763
C0488,40,3168,58528170,30,1,Government,Construction,Chennai,Tamil Nadu,South,1463204.25,79.2,0.22999672702027119,High Value,0.0022999672702027118,0.29415914586732034
C0269,48,3360,58480890,30,1,Government,Mining,Chennai,Tamil Nadu,South,1218351.875,70.0,0.2298109319534936,High Value,0.0022981093195349363,0.2964572551868553
C0374,46,3203,58464410,30,1,Corporate,Manufacturing,Pune,Maharashtra,West,1270965.4347826086,69.6304347826087,0.22974617089806865,High Value,0.0022974617089806864,0.298754716895836
C0471,42,3064,58365420,30,1,Fleet Owner,Logistics,Ahmedabad,Gujarat,West,1389652.857142857,72.95238095238095,0.22935717230119232,High Value,0.0022935717230119232,0.3010482886188479
C0140,44,3053,58201560,30,1,Retail,Logistics,Pune,Maharashtra,West,1322762.7272727273,69.38636363636364,0.22871325564209397,High Value,0.0022871325564209396,0.30333542117526885
C0337,35,2775,58199500,30,1,Corporate,Manufacturing,Delhi,Delhi,North,1662842.857142857,79.28571428571429,0.22870516051016584,High Value,0.0022870516051016585,0.3056224727803705
C0032,45,3056,58165930,30,1,Government,Logistics,Ahmedabad,Gujarat,West,1292576.2222222222,67.91111111111111,0.22857324129714296,High Value,0.0022857324129714296,0.30790820519334194
C0166,34,2812,58111030,30,1,Fleet Owner,Manufacturing,Ahmedabad,Gujarat,West,1709147.9411764706,82.70588235294117,0.2283575021015827,High Value,0.002283575021015827,0.3101917802143578
C0318,41,2957,58005460,30,1,Corporate,Logistics,Delhi,Delhi,North,1414767.3170731708,72.1219512195122,0.22794264623864474,High Value,0.0022794264623864475,0.3124712066767442
C0109,48,3451,57909360,30,1,Retail,Mining,Chennai,Tamil Nadu,South,1206445.0,71.89583333333333,0.227565004404522,High Value,0.00227565004404522,0.31474685672078945
C0193,44,3001,57786600,30,1,Dealer,Infrastructure,Vadodara,Gujarat,West,1313331.8181818181,68.20454545454545,0.2270825974164168,High Value,0.002270825974164168,0.3170176826949536
C0355,40,2851,57761570,30,1,Government,Infrastructure,Hyderabad,Telangana,South,1444039.25,71.275,0.22698423763381437,High Value,0.0022698423763381436,0.31928752507129177
C0270,46,3044,57707880,30,1,Corporate,Manufacturing,Delhi,Delhi,North,1254519.1304347827,66.17391304347827,0.226773253345843,High Value,0.00226773253345843,0.3215552576047502
C0131,39,2892,57656260,30,1,Corporate,Rental,Hyderabad,Telangana,South,1478365.641025641,74.15384615384616,0.22657040348655666,Medium Value,0.0022657040348655665,0.32382096163961577
C0455,40,2848,57607900,30,1,Retail,Logistics,Indore,Madhya Pradesh,Central,1440197.5,71.2,0.22638036437003037,Medium Value,0.0022638036437003036,0.3260847652833161
C0415,36,3025,57595000,30,1,Government,Infrastructure,Guwahati,Assam,North East,1599861.111111111,84.02777777777777,0.22632967155358724,Medium Value,0.0022632967155358725,0.32834806199885197
C0261,40,3010,57586180,30,1,Dealer,Manufacturing,Delhi,Delhi,North,1439654.5,75.25,0.22629501181397263,Medium Value,0.0022629501181397264,0.3306110121169917
C0149,42,2828,57543220,30,1,Government,Manufacturing,Surat,Gujarat,West,1370076.6666666667,67.33333333333333,0.22612619294619,Medium Value,0.0022612619294619,0.3328722740464536
C0425,44,2773,57482400,30,1,Dealer,Manufacturing,Chennai,Tamil Nadu,South,1306418.1818181819,63.02272727272727,0.22588719007052566,Medium Value,0.0022588719007052564,0.33513114594715887
C0293,42,3173,57398730,30,1,Dealer,Logistics,Pune,Maharashtra,West,1366636.4285714286,75.54761904761905,0.22555839410527018,Medium Value,0.0022555839410527017,0.33738672988821156
C0128,39,2697,57387360,30,1,Retail,Mining,Ahmedabad,Gujarat,West,1471470.7692307692,69.15384615384616,0.22551371369263773,Medium Value,0.0022551371369263773,0.33964186702513793
C0499,44,2851,57171990,30,1,Corporate,Construction,Bhubaneswar,Odisha,East,1299363.4090909092,64.79545454545455,0.2246673794385793,Medium Value,0.002246673794385793,0.34188854081952375
C0184,35,2846,57050360,30,1,Retail,Rental,Chennai,Tamil Nadu,South,1630010.2857142857,81.31428571428572,0.22418941298400752,Medium Value,0.0022418941298400752,0.3441304349493638
C0306,47,2868,57049240,30,1,Fleet Owner,Manufacturing,Kolkata,West Bengal,East,1213813.6170212766,61.02127659574468,0.22418501174723107,Medium Value,0.0022418501174723106,0.3463722850668361
C0428,45,3061,56913820,30,1,Retail,Construction,Delhi,Delhi,North,1264751.5555555555,68.02222222222223,0.22365285506484914,Medium Value,0.0022365285506484914,0.3486088136174846
C0225,51,2972,56839930,30,1,Fleet Owner,Logistics,Delhi,Delhi,North,1114508.431372549,58.27450980392157,0.22336249132787378,Medium Value,0.002233624913278738,0.3508424385307633
C0209,46,3052,56741580,30,1,Corporate,Infrastructure,Ranchi,Jharkhand,East,1233512.608695652,66.34782608695652,0.2229760077234412,Medium Value,0.002229760077234412,0.3530721986079977
C0460,36,2905,56715420,30,1,Dealer,Logistics,Coimbatore,Tamil Nadu,South,1575428.3333333333,80.69444444444444,0.22287320740730537,Medium Value,0.002228732074073054,0.35530093068207075
C0172,42,2786,56707730,30,1,Dealer,Manufacturing,Bengaluru,Karnataka,South,1350184.0476190476,66.33333333333333,0.2228429882012242,Medium Value,0.002228429882012242,0.35752936056408297
C0377,40,2878,56674980,30,1,Dealer,Logistics,Nagpur,Maharashtra,West,1416874.5,71.95,0.22271429132226978,Medium Value,0.0022271429132226976,0.35975650347730564
C0264,39,2551,56501370,30,1,Retail,Infrastructure,Pune,Maharashtra,West,1448753.076923077,65.41025641025641,0.22203206032516207,Medium Value,0.0022203206032516206,0.36197682408055726
C0383,43,2872,56328200,30,1,Fleet Owner,Infrastructure,Lucknow,Uttar Pradesh,North,1309958.1395348837,66.79069767441861,0.22135155838535941,Medium Value,0.002213515583853594,0.36419033966441083
C0429,44,2856,56178520,30,1,Fleet Owner,Logistics,Ahmedabad,Gujarat,West,1276784.5454545454,64.9090909090909,0.22076336452759152,Medium Value,0.0022076336452759152,0.36639797330968676
C0054,42,2612,56103080,30,1,Fleet Owner,Manufacturing,Chennai,Tamil Nadu,South,1335787.619047619,62.19047619047619,0.2204669097932916,Medium Value,0.002204669097932916,0.3686026424076197
C0191,31,2309,56028890,30,1,Corporate,Manufacturing,Visakhapatnam,Andhra Pradesh,South,1807383.5483870967,74.48387096774194,0.2201753671536083,Medium Value,0.002201753671536083,0.3708043960791558
C0469,44,3044,55971040,30,1,Government,Manufacturing,Chandigarh,Punjab,North,1272069.0909090908,69.18181818181819,0.2199480354147529,Medium Value,0.002199480354147529,0.3730038764333033
C0247,42,2998,55849110,30,1,Corporate,Logistics,Bhubaneswar,Odisha,East,1329740.7142857143,71.38095238095238,0.21946889005747314,Medium Value,0.0021946889005747313,0.375198565333878
C0461,42,3079,55770880,30,1,Corporate,Infrastructure,Delhi,Delhi,North,1327878.0952380951,73.30952380952381,0.219161471527989,Medium Value,0.00219161471527989,0.3773901800491579
C0236,47,2825,55730670,30,1,Corporate,Mining,Mumbai,Maharashtra,West,1185758.9361702127,60.1063829787234,0.21900345926836287,Medium Value,0.0021900345926836287,0.37958021464184155
C0085,44,2714,55654550,30,1,Retail,Mining,Chennai,Tamil Nadu,South,1264876.1363636365,61.68181818181818,0.21870433235459152,Medium Value,0.0021870433235459154,0.38176725796538746
C0341,38,2834,55626730,30,1,Fleet Owner,Mining,Delhi,Delhi,North,1463861.3157894737,74.57894736842105,0.21859500877680493,Medium Value,0.002185950087768049,0.3839532080531555
C0406,37,2628,55494220,30,1,Dealer,Logistics,Pune,Maharashtra,West,1499843.7837837837,71.02702702702703,0.21807428745069038,Medium Value,0.002180742874506904,0.38613395092766245
C0326,47,3035,55349670,30,1,Government,Mining,Kolkata,West Bengal,East,1177652.5531914893,64.57446808510639,0.21750625282922895,Medium Value,0.0021750625282922894,0.38830901345595475
C0126,39,2621,55322000,30,1,Dealer,Manufacturing,Hyderabad,Telangana,South,1418512.8205128205,67.2051282051282,0.21739751870279633,Medium Value,0.0021739751870279633,0.3904829886429827
C0340,39,2785,55130110,30,1,Government,Mining,Hyderabad,Telangana,South,1413592.564102564,71.41025641025641,0.21664345323401574,Medium Value,0.0021664345323401573,0.39264942317532286
C0263,40,2906,55123450,30,1,Government,Rental,Chennai,Tamil Nadu,South,1378086.25,72.65,0.21661728159389862,Medium Value,0.002166172815938986,0.39481559599126187
C0123,37,2661,55075400,30,1,Corporate,Infrastructure,Kolkata,West Bengal,East,1488524.3243243243,71.91891891891892,0.21642846067683724,Medium Value,0.0021642846067683724,0.39697988059803024
C0319,37,2936,54752580,30,1,Dealer,Mining,Bengaluru,Karnataka,South,1479799.4594594594,79.35135135135135,0.21515988276953746,Medium Value,0.0021515988276953747,0.39913147942572563
C0189,41,3262,54638690,30,1,Government,Manufacturing,Visakhapatnam,Andhra Pradesh,South,1332650.975609756,79.5609756097561,0.21471233200483156,Medium Value,0.0021471233200483155,0.4012786027457739
C0408,39,2900,54619740,30,1,Government,Infrastructure,Hyderabad,Telangana,South,1400506.1538461538,74.35897435897436,0.21463786465044415,Medium Value,0.0021463786465044416,0.4034249813922784
C0314,45,2829,54595560,30,1,Retail,Logistics,Kolkata,West Bengal,East,1213234.6666666667,62.86666666666667,0.21454284509218102,Medium Value,0.0021454284509218103,0.4055704098432002
C0331,44,3434,54547840,30,1,Dealer,Logistics,Delhi,Delhi,North,1239723.6363636365,78.04545454545455,0.21435532096809842,Medium Value,0.0021435532096809842,0.40771396305288116
C0035,46,3072,54533770,30,1,Dealer,Infrastructure,Indore,Madhya Pradesh,Central,1185516.7391304348,66.78260869565217,0.2143000304310942,Medium Value,0.002143000304310942,0.4098569633571921
C0413,46,3109,54533070,30,1,Fleet Owner,Manufacturing,Chennai,Tamil Nadu,South,1185501.5217391304,67.58695652173913,0.2142972796581089,Medium Value,0.0021429727965810892,0.41199993615377317
C0010,50,3255,54508210,30,1,Dealer,Construction,Chennai,Tamil Nadu,South,1090164.2,65.1,0.21419958792037436,Medium Value,0.0021419958792037435,0.4141419320329769
C0138,41,2943,54457080,30,1,Corporate,Mining,Hyderabad,Telangana,South,1328221.463414634,71.78048780487805,0.21399866360217773,Medium Value,0.0021399866360217773,0.41628191866899866
C0258,31,2559,54371200,30,1,Corporate,Mining,Chennai,Tamil Nadu,South,1753909.677419355,82.54838709677419,0.21366118305364015,Medium Value,0.0021366118305364014,0.4184185304995351
C0268,37,2712,54298750,30,1,Government,Mining,Pune,Maharashtra,West,1467533.7837837837,73.29729729729729,0.21337647804966312,Medium Value,0.002133764780496631,0.42055229528003174
C0414,44,2672,54269830,30,1,Dealer,Construction,Chennai,Tamil Nadu,South,1233405.2272727273,60.72727272727273,0.21326283182861389,Medium Value,0.002132628318286139,0.4226849235983179
C0161,43,3152,54232700,30,1,Dealer,Mining,Ahmedabad,Gujarat,West,1261225.5813953488,73.30232558139535,0.21311692297012294,Medium Value,0.0021311692297012294,0.42481609282801913
C0176,44,2963,54048740,30,1,Dealer,Logistics,Chennai,Tamil Nadu,South,1228380.4545454546,67.3409090909091,0.21239401982958997,Medium Value,0.0021239401982958996,0.42694003302631506
C0009,34,2677,54041610,30,1,Corporate,Rental,Ahmedabad,Gujarat,West,1589459.1176470588,78.73529411764706,0.21236600124189697,Medium Value,0.00212366001241897,0.42906369303873404
C0055,37,2941,53940970,30,1,Dealer,Construction,Delhi,Delhi,North,1457864.054054054,79.48648648648648,0.21197051868012678,Medium Value,0.002119705186801268,0.4311833982255353
C0162,30,2375,53940730,30,1,Retail,Mining,Kolkata,West Bengal,East,1798024.3333333333,79.16666666666667,0.21196957555796042,Medium Value,0.002119695755579604,0.43330309398111494
C0205,39,2580,53896570,30,1,Retail,Construction,Lucknow,Uttar Pradesh,North,1381963.3333333333,66.15384615384616,0.21179604107934585,Medium Value,0.0021179604107934586,0.4354210543919084
C0486,42,3174,53820770,30,1,Government,Manufacturing,Pune,Maharashtra,West,1281446.9047619049,75.57142857142857,0.21149817166179638,Medium Value,0.002114981716617964,0.43753603610852637
C0358,40,2669,53790030,30,1,Government,Infrastructure,Pune,Maharashtra,West,1344750.75,66.725,0.2113773734309854,Medium Value,0.002113773734309854,0.43964980984283625
C0448,37,2535,53741830,30,1,Fleet Owner,Logistics,Kolkata,West Bengal,East,1452481.8918918918,68.51351351351352,0.21118796306257007,Medium Value,0.0021118796306257006,0.44176168947346195
C0039,40,3061,53722520,30,1,Fleet Owner,Rental,Hyderabad,Telangana,South,1343063.0,76.525,0.2111120810249331,Medium Value,0.002111120810249331,0.4438728102837113
C0398,43,3153,53653050,30,1,Government,Rental,Hyderabad,Telangana,South,1247745.3488372094,73.32558139534883,0.210839086454522,Medium Value,0.00210839086454522,0.4459812011482565
C0328,40,2732,53610980,30,1,Government,Rental,Kolkata,West Bengal,East,1340274.5,68.3,0.21067376499810633,Medium Value,0.0021067376499810633,0.44808793879823755
C0381,34,2374,53603960,30,1,Corporate,Mining,Chennai,Tamil Nadu,South,1576587.0588235294,69.82352941176471,0.21064617867473964,Medium Value,0.0021064617867473964,0.45019440058498494
C0230,41,3170,53600640,30,1,Dealer,Infrastructure,Delhi,Delhi,North,1307332.6829268292,77.3170731707317,0.210633132151438,Medium Value,0.00210633132151438,0.45230073190649933
C0023,37,2461,53343670,30,1,Corporate,Mining,Chennai,Tamil Nadu,South,1441720.810810811,66.51351351351352,0.20962332338853976,Medium Value,0.0020962332338853975,0.45439696514038475
C0171,36,2524,53338800,30,1,Fleet Owner,Construction,Chennai,Tamil Nadu,South,1481633.3333333333,70.11111111111111,0.20960418586791355,Medium Value,0.0020960418586791355,0.45649300699906387
C0213,32,2288,53323570,30,1,Fleet Owner,Rental,Mumbai,Maharashtra,West,1666361.5625,71.5,0.20954433690710514,Medium Value,0.0020954433690710513,0.4585884503681349
C0156,36,2505,53295180,30,1,Government,Manufacturing,Chennai,Tamil Nadu,South,1480421.6666666667,69.58333333333333,0.2094327734141733,Medium Value,0.002094327734141733,0.46068277810227665
C0175,41,2665,53235590,30,1,Fleet Owner,Rental,Kolkata,West Bengal,East,1298429.024390244,65.0,0.20919860403961166,Medium Value,0.0020919860403961167,0.46277476414267277
C0467,55,2898,53206760,30,1,Retail,Construction,Delhi,Delhi,North,967395.6363636364,52.69090909090909,0.20908531148937484,Medium Value,0.0020908531148937483,0.46486561725756653
C0235,43,2933,53090300,30,1,Fleet Owner,Mining,Bhubaneswar,Odisha,East,1234658.1395348837,68.20930232558139,0.20862766145813721,Medium Value,0.002086276614581372,0.4669518938721479
C0396,40,2897,52935440,30,1,Government,Manufacturing,Ahmedabad,Gujarat,West,1323386.0,72.425,0.20801911188027822,Medium Value,0.002080191118802782,0.4690320849909507
C0312,40,2866,52920140,30,1,Government,Construction,Vadodara,Gujarat,West,1323003.5,71.65,0.20795898784217126,Medium Value,0.0020795898784217127,0.47111167486937244
C0464,39,2845,52911390,30,1,Corporate,Infrastructure,Lucknow,Uttar Pradesh,North,1356702.3076923077,72.94871794871794,0.20792460317985523,Medium Value,0.0020792460317985524,0.473190920901171
C0438,45,3016,52796800,30,1,Corporate,Rental,Kolkata,West Bengal,East,1173262.2222222222,67.02222222222223,0.20747430164216402,Medium Value,0.00207474301642164,0.4752656639175926
C0249,40,2725,52709760,30,1,Corporate,Construction,Ahmedabad,Gujarat,West,1317744.0,68.125,0.20713226266982224,Medium Value,0.0020713226266982224,0.47733698654429085
C0390,35,2582,52697070,30,1,Fleet Owner,Construction,Delhi,Delhi,North,1505630.5714285714,73.77142857142857,0.2070823950852747,Medium Value,0.002070823950852747,0.4794078104951436
C0101,43,3023,52693260,30,1,Corporate,Logistics,Chennai,Tamil Nadu,South,1225424.6511627906,70.30232558139535,0.20706742302088335,Medium Value,0.0020706742302088335,0.48147848472535243
C0335,43,3174,52685710,30,1,Government,Infrastructure,Guwahati,Assam,North East,1225249.0697674418,73.81395348837209,0.20703775396939922,Medium Value,0.002070377539693992,0.4835488622650464
C0001,40,2656,52640600,30,1,Retail,Construction,Kolkata,West Bengal,East,1316015.0,66.4,0.20686048629887602,Medium Value,0.0020686048629887602,0.48561746712803516
C0493,45,3145,52616240,30,1,Retail,Construction,Chennai,Tamil Nadu,South,1169249.7777777778,69.88888888888889,0.20676475939898808,Medium Value,0.002067647593989881,0.487685114722025
C0105,46,2885,52573780,30,1,Government,Logistics,Delhi,Delhi,North,1142908.2608695652,62.71739130434783,0.20659790536905207,Medium Value,0.0020659790536905207,0.4897510937757156
C0379,44,3010,52506820,30,1,Retail,Mining,Vadodara,Gujarat,West,1193336.8181818181,68.4090909090909,0.20633477428463107,Medium Value,0.0020633477428463106,0.4918144415185619
C0365,47,3234,52500540,30,1,Government,Manufacturing,Kolkata,West Bengal,East,1117032.7659574468,68.80851063829788,0.20631009592127736,Medium Value,0.0020631009592127734,0.49387754247777466
C0275,47,2920,52499270,30,1,Fleet Owner,Construction,Vadodara,Gujarat,West,1117005.744680851,62.12765957446808,0.20630510523314693,Medium Value,0.0020630510523314692,0.4959405935301061
C0485,34,2620,52472400,30,1,Fleet Owner,Rental,Pune,Maharashtra,West,1543305.8823529412,77.05882352941177,0.2061995148472689,Medium Value,0.002061995148472689,0.4980025886785788
C0231,39,2916,52413100,30,1,Government,Infrastructure,Pune,Maharashtra,West,1343925.641025641,74.76923076923077,0.20596648507865828,Medium Value,0.002059664850786583,0.5000622535293654
C0443,43,2920,52360250,30,1,Dealer,Infrastructure,Kolkata,West Bengal,East,1217680.2325581396,67.90697674418605,0.20575880171826924,Medium Value,0.0020575880171826923,0.5021198415465481
C0259,37,2602,52219040,30,1,Fleet Owner,Logistics,Coimbatore,Tamil Nadu,South,1411325.4054054054,70.32432432432432,0.2052038922136233,Medium Value,0.002052038922136233,0.5041718804686843
C0031,40,2659,52182080,30,1,Government,Mining,Kolkata,West Bengal,East,1304552.0,66.475,0.20505865140000024,Medium Value,0.0020505865140000024,0.5062224669826844
C0038,41,2784,52105520,30,1,Fleet Owner,Rental,Jaipur,Rajasthan,North,1270866.3414634147,67.90243902439025,0.2047577954289239,Medium Value,0.002047577954289239,0.5082700449369736
C0498,30,2160,52056060,30,1,Fleet Owner,Construction,Kolkata,West Bengal,East,1735202.0,72.0,0.20456343366913504,Medium Value,0.0020456343366913503,0.510315679273665
C0064,39,2521,52021770,30,1,Corporate,Manufacturing,Chandigarh,Punjab,North,1333891.5384615385,64.64102564102564,0.20442868508961298,Medium Value,0.00204428685089613,0.512359966124561
C0099,52,3268,52019750,30,1,Fleet Owner,Rental,Visakhapatnam,Andhra Pradesh,South,1000379.8076923077,62.84615384615385,0.2044207471447126,Medium Value,0.002044207471447126,0.5144041735960082
C0260,38,2743,52018150,30,1,Dealer,Logistics,Hyderabad,Telangana,South,1368898.6842105263,72.1842105263158,0.20441445966360333,Medium Value,0.0020441445966360335,0.5164483181926443
C0302,42,2575,51978350,30,1,Fleet Owner,Mining,Ahmedabad,Gujarat,West,1237579.761904762,61.30952380952381,0.2042580585710114,Medium Value,0.002042580585710114,0.5184908987783544
C0290,46,2872,51960040,30,1,Corporate,Construction,Ahmedabad,Gujarat,West,1129566.0869565217,62.43478260869565,0.20418610620906774,Medium Value,0.0020418610620906775,0.5205327598404451
C0333,42,2957,51934490,30,1,Corporate,Mining,Hyderabad,Telangana,South,1236535.4761904762,70.4047619047619,0.2040857029951048,Medium Value,0.0020408570299510482,0.5225736168703962
C0157,38,2754,51879830,30,1,Dealer,Infrastructure,Chandigarh,Punjab,North,1365258.6842105263,72.47368421052632,0.20387090692171095,Medium Value,0.0020387090692171096,0.5246123259396133
C0349,36,2751,51806430,30,1,Corporate,Rental,Ahmedabad,Gujarat,West,1439067.5,76.41666666666667,0.20358246872582533,Medium Value,0.0020358246872582532,0.5266481506268715
C0453,36,2909,51744150,30,1,Dealer,Mining,Ranchi,Jharkhand,East,1437337.5,80.80555555555556,0.2033377285236488,Medium Value,0.002033377285236488,0.528681527912108
C0056,38,2686,51714180,30,1,Dealer,Mining,Delhi,Delhi,North,1360899.4736842106,70.6842105263158,0.20321995614312163,Medium Value,0.0020321995614312163,0.5307137274735392
C0228,36,2375,51601040,30,1,Government,Construction,Chennai,Tamil Nadu,South,1433362.2222222222,65.97222222222223,0.20277535263518567,Medium Value,0.002027753526351857,0.532741480999891
C0407,43,2773,51590180,30,1,Dealer,Logistics,Hyderabad,Telangana,South,1199771.6279069767,64.48837209302326,0.20273267635715683,Medium Value,0.0020273267635715683,0.5347688077634626
C0310,41,2987,51400980,30,1,Government,Infrastructure,Patna,Bihar,East,1253682.4390243902,72.85365853658537,0.20198918171599112,Medium Value,0.002019891817159911,0.5367886995806225
C0021,47,2628,51375230,30,1,Corporate,Mining,Hyderabad,Telangana,South,1093090.0,55.91489361702128,0.20188799256688952,Medium Value,0.002018879925668895,0.5388075795062913
C0124,47,3341,51329600,30,1,Dealer,Construction,Pune,Maharashtra,West,1092119.1489361702,71.08510638297872,0.20170868146500587,Medium Value,0.0020170868146500587,0.5408246663209414
C0492,37,2768,51225690,30,1,Dealer,Rental,Ranchi,Jharkhand,East,1384478.1081081082,74.8108108108108,0.20130034886371873,Medium Value,0.0020130034886371873,0.5428376698095786
C0433,38,3012,51222820,30,1,Dealer,Infrastructure,Chandigarh,Punjab,North,1347968.9473684211,79.26315789473684,0.20128907069447902,Medium Value,0.0020128907069447903,0.5448505605165234
C0227,39,2412,51113410,30,1,Fleet Owner,Infrastructure,Kolkata,West Bengal,East,1310600.2564102565,61.84615384615385,0.20085912487687896,Medium Value,0.0020085912487687895,0.5468591517652922
C0198,38,2497,51107370,30,1,Government,Mining,Ahmedabad,Gujarat,West,1344930.7894736843,65.71052631578948,0.2008353896356916,Medium Value,0.0020083538963569163,0.5488675056616491
C0015,38,2619,51005500,30,1,Government,Rental,Pune,Maharashtra,West,1342250.0,68.92105263157895,0.20043507357281873,Medium Value,0.0020043507357281874,0.5508718563973772
C0301,47,2645,50854440,30,1,Dealer,Mining,Ranchi,Jharkhand,East,1082009.3617021276,56.276595744680854,0.19984145676259416,Medium Value,0.0019984145676259415,0.5528702709650032
C0273,40,2755,50756990,30,1,Dealer,Manufacturing,Kolkata,West Bengal,East,1268924.75,68.875,0.1994585098662855,Medium Value,0.001994585098662855,0.5548648560636661
C0280,47,3026,50723520,30,1,Corporate,Construction,Pune,Maharashtra,West,1079223.829787234,64.38297872340425,0.19932698362083193,Medium Value,0.0019932698362083194,0.5568581258998744
C0286,39,2975,50682130,30,1,Dealer,Construction,Chennai,Tamil Nadu,South,1299541.7948717948,76.28205128205128,0.19916433434388767,Medium Value,0.0019916433434388767,0.5588497692433133
C0395,44,2938,50643860,30,1,Corporate,Manufacturing,Kolkata,West Bengal,East,1150996.8181818181,66.77272727272727,0.19901394565510644,Medium Value,0.0019901394565510645,0.5608399086998643
C0080,46,2978,50588120,30,1,Retail,Mining,Chennai,Tamil Nadu,South,1099741.7391304348,64.73913043478261,0.19879490553196388,Medium Value,0.0019879490553196388,0.562827857755184
C0030,38,2832,50515670,30,1,Corporate,Construction,Hyderabad,Telangana,South,1329359.7368421052,74.52631578947368,0.19851020052798685,Medium Value,0.0019851020052798684,0.5648129597604639
C0047,36,2568,50441290,30,1,Corporate,Rental,Pune,Maharashtra,West,1401146.9444444445,71.33333333333333,0.1982179112499218,Medium Value,0.001982179112499218,0.5667951388729631
C0329,36,2480,50414010,30,1,Dealer,Infrastructure,Indore,Madhya Pradesh,Central,1400389.1666666667,68.88888888888889,0.19811070969700953,Medium Value,0.0019811070969700953,0.5687762459699331
C0274,42,2573,50332620,30,1,Dealer,Mining,Jaipur,Rajasthan,North,1198395.7142857143,61.26190476190476,0.1977908733923347,Medium Value,0.001977908733923347,0.5707541547038565
C0211,45,3416,50253990,30,1,Fleet Owner,Manufacturing,Hyderabad,Telangana,South,1116755.3333333333,75.91111111111111,0.1974818829925733,Medium Value,0.001974818829925733,0.5727289735337823
C0363,37,2801,50237880,30,1,Fleet Owner,Logistics,Visakhapatnam,Andhra Pradesh,South,1357780.5405405406,75.70270270270271,0.19741857591715478,Medium Value,0.001974185759171548,0.5747031592929538
C0251,39,2446,50171060,30,1,Dealer,Mining,Chandigarh,Punjab,North,1286437.435897436,62.717948717948715,0.19715599498733083,Medium Value,0.0019715599498733084,0.5766747192428271
C0050,30,2194,50086150,30,1,Dealer,Mining,Kolkata,West Bengal,East,1669538.3333333333,73.13333333333334,0.19682232622421572,Medium Value,0.001968223262242157,0.5786429425050692
C0424,38,3059,50065860,30,1,Retail,Construction,Ahmedabad,Gujarat,West,1317522.6315789474,80.5,0.19674259310439937,Medium Value,0.0019674259310439937,0.5806103684361132
C0173,36,2876,50058960,30,1,Retail,Logistics,Chennai,Tamil Nadu,South,1390526.6666666667,79.88888888888889,0.19671547834211583,Medium Value,0.0019671547834211583,0.5825775232195344
C0315,42,2834,50056680,30,1,Dealer,Rental,Surat,Gujarat,West,1191825.7142857143,67.47619047619048,0.1967065186815352,Medium Value,0.001967065186815352,0.5845445884063497
C0496,41,2547,49977230,30,1,Government,Infrastructure,Bhubaneswar,Odisha,East,1218956.8292682928,62.1219512195122,0.19639430594770532,Medium Value,0.001963943059477053,0.5865085314658267
C0088,39,2536,49923700,30,1,Corporate,Infrastructure,Pune,Maharashtra,West,1280094.8717948718,65.02564102564102,0.19618395040784486,Medium Value,0.0019618395040784486,0.5884703709699052
C0190,38,2539,49869830,30,1,Retail,Manufacturing,Jaipur,Rajasthan,North,1312363.9473684211,66.8157894736842,0.1959722587782487,Medium Value,0.001959722587782487,0.5904300935576877
C0256,34,2639,49845250,30,1,Corporate,Infrastructure,Guwahati,Assam,North East,1466036.7647058824,77.61764705882354,0.1958756673497082,Medium Value,0.001958756673497082,0.5923888502311848
C0439,43,2755,49820310,30,1,Dealer,Construction,Visakhapatnam,Andhra Pradesh,South,1158611.8604651163,64.06976744186046,0.1957776612379182,Medium Value,0.001957776612379182,0.594346626843564
C0152,41,3018,49749000,30,1,Corporate,Manufacturing,Chennai,Tamil Nadu,South,1213390.243902439,73.60975609756098,0.1954974360642315,Medium Value,0.001954974360642315,0.5963016012042063
C0077,38,2610,49739710,30,1,Corporate,Mining,Delhi,Delhi,North,1308939.7368421052,68.6842105263158,0.19546092937704107,Medium Value,0.0019546092937704107,0.5982562104979767
C0436,38,2905,49724270,30,1,Fleet Owner,Logistics,Kolkata,West Bengal,East,1308533.4210526317,76.44736842105263,0.19540025518433704,Medium Value,0.0019540025518433703,0.6002102130498201
C0217,38,2466,49708160,30,1,Corporate,Infrastructure,Delhi,Delhi,North,1308109.4736842106,64.89473684210526,0.19533694810891852,Medium Value,0.0019533694810891854,0.6021635825309093
C0449,37,2543,49669150,30,1,Fleet Owner,Logistics,Surat,Gujarat,West,1342409.4594594594,68.72972972972973,0.19518365146012429,Medium Value,0.0019518365146012429,0.6041154190455106
C0093,41,2768,49642790,30,1,Dealer,Manufacturing,Chennai,Tamil Nadu,South,1210799.756097561,67.51219512195122,0.19508006520884982,Medium Value,0.0019508006520884984,0.6060662196975991
C0419,34,2293,49492260,30,1,Fleet Owner,Logistics,Mumbai,Maharashtra,West,1455654.705882353,67.44117647058823,0.19448853112674266,Medium Value,0.0019448853112674267,0.6080111050088666
C0399,42,2656,49461920,30,1,Fleet Owner,Rental,Chennai,Tamil Nadu,South,1177664.761904762,63.23809523809524,0.19436930476620903,Medium Value,0.0019436930476620902,0.6099547980565286
C0410,42,2714,49311570,30,1,Corporate,Mining,Hyderabad,Telangana,South,1174085.0,64.61904761904762,0.19377847802572665,Medium Value,0.0019377847802572665,0.6118925828367859
C0378,42,2762,49279070,30,1,Retail,Manufacturing,Delhi,Delhi,North,1173311.1904761905,65.76190476190476,0.19365076356569555,Medium Value,0.0019365076356569555,0.6138290904724429
C0146,33,2579,49274960,30,1,Retail,Mining,Ahmedabad,Gujarat,West,1493180.606060606,78.15151515151516,0.19363461259859624,Medium Value,0.0019363461259859624,0.6157654365984289
C0232,41,2856,49272940,30,1,Government,Mining,Chennai,Tamil Nadu,South,1201779.024390244,69.65853658536585,0.19362667465369585,Medium Value,0.0019362667465369584,0.6177017033449658
C0376,35,2814,49197710,30,1,Retail,Construction,Delhi,Delhi,North,1405648.857142857,80.4,0.19333104515129154,Medium Value,0.0019333104515129153,0.6196350137964787
C0081,40,2922,49127920,30,1,Corporate,Rental,Surat,Gujarat,West,1228198.0,73.05,0.1930567930846586,Medium Value,0.0019305679308465858,0.6215655817273252
C0004,47,2995,49040570,30,1,Fleet Owner,Logistics,Chennai,Tamil Nadu,South,1043416.3829787234,63.723404255319146,0.1927135359128519,Medium Value,0.001927135359128519,0.6234927170864537
C0024,48,2666,49014090,30,1,Dealer,Rental,Visakhapatnam,Andhra Pradesh,South,1021126.875,55.541666666666664,0.19260947810049422,Medium Value,0.0019260947810049423,0.6254188118674586
C0073,36,2361,48992520,30,1,Corporate,Rental,Jaipur,Rajasthan,North,1360903.3333333333,65.58333333333333,0.19252471499579052,Medium Value,0.0019252471499579052,0.6273440590174165
C0327,45,2718,48891270,30,1,Retail,Mining,Vadodara,Gujarat,West,1086472.6666666667,60.4,0.19212683533184746,Medium Value,0.0019212683533184746,0.629265327370735
C0354,41,2800,48835850,30,1,Corporate,Logistics,Hyderabad,Telangana,South,1191118.2926829269,68.29268292682927,0.1919090527049267,Medium Value,0.0019190905270492671,0.6311844178977843
C0445,30,2285,48822870,30,1,Government,Mining,Kolkata,West Bengal,East,1627429.0,76.16666666666667,0.19185804551442814,Medium Value,0.0019185804551442814,0.6331029983529286
C0450,43,2678,48802430,30,1,Fleet Owner,Construction,Kolkata,West Bengal,East,1134940.2325581396,62.27906976744186,0.19177772294325782,Medium Value,0.001917777229432578,0.6350207755823611
C0158,37,2445,48735540,30,1,Corporate,Infrastructure,Kolkata,West Bengal,East,1317176.7567567567,66.08108108108108,0.19151486693613531,Medium Value,0.0019151486693613532,0.6369359242517225
C0321,42,2813,48683300,30,1,Retail,Logistics,Hyderabad,Telangana,South,1159126.1904761905,66.97619047619048,0.19130958067791917,Medium Value,0.0019130958067791917,0.6388490200585017
C0401,38,2505,48565440,30,1,Government,Logistics,Guwahati,Assam,North East,1278037.894736842,65.92105263157895,0.19084642910071098,Medium Value,0.0019084642910071098,0.6407574843495089
C0367,31,2403,48346630,30,1,Fleet Owner,Logistics,Chennai,Tamil Nadu,South,1559568.7096774194,77.51612903225806,0.18998657676226768,Medium Value,0.001899865767622677,0.6426573501171315
C0188,45,2764,48293510,30,1,Corporate,Logistics,Pune,Maharashtra,West,1073189.111111111,61.422222222222224,0.18977783238944146,Medium Value,0.0018977783238944147,0.6445551284410259
C0364,38,2656,48290310,30,1,Government,Infrastructure,Kolkata,West Bengal,East,1270797.6315789474,69.89473684210526,0.18976525742722303,Medium Value,0.0018976525742722304,0.6464527810152981
C0458,43,2970,48276200,30,1,Dealer,Manufacturing,Ahmedabad,Gujarat,West,1122702.3255813953,69.06976744186046,0.18970980970319107,Medium Value,0.0018970980970319106,0.64834987911233
C0357,32,2173,48125180,30,1,Corporate,Mining,Ahmedabad,Gujarat,West,1503911.875,67.90625,0.1891163500799942,Medium Value,0.001891163500799942,0.65024104261313
C0457,35,2723,48077820,30,1,Retail,Manufacturing,Kolkata,West Bengal,East,1373652.0,77.8,0.18893024063916117,Medium Value,0.0018893024063916118,0.6521303450195216
C0222,44,2779,48043620,30,1,Fleet Owner,Logistics,Delhi,Delhi,North,1091900.4545454546,63.15909090909091,0.18879584573045152,Medium Value,0.0018879584573045153,0.6540183034768261
C0481,40,2894,47983990,30,1,Corporate,Logistics,Chennai,Tamil Nadu,South,1199599.75,72.35,0.18856151916886216,Medium Value,0.0018856151916886216,0.6559039186685147
C0086,30,2141,47920240,30,1,Retail,Construction,Ahmedabad,Gujarat,West,1597341.3333333333,71.36666666666666,0.18831100234341652,Medium Value,0.001883110023434165,0.6577870286919489
C0059,39,2659,47904570,30,1,Retail,Manufacturing,Hyderabad,Telangana,South,1228322.3076923077,68.17948717948718,0.18824942432530306,Medium Value,0.0018824942432530305,0.659669522935202
C0130,41,2666,47762000,30,1,Government,Mining,Pune,Maharashtra,West,1164926.8292682928,65.02439024390245,0.1876891704617143,Medium Value,0.001876891704617143,0.6615464146398191
C0409,45,2971,47755320,30,1,Government,Logistics,Pune,Maharashtra,West,1061229.3333333333,66.02222222222223,0.18766292022808329,Medium Value,0.0018766292022808328,0.6634230438420999
C0096,40,2626,47646050,30,1,Corporate,Construction,Chennai,Tamil Nadu,South,1191151.25,65.65,0.18723352456508024,Medium Value,0.0018723352456508024,0.6652953790877507
C0106,42,2876,47644410,30,1,Dealer,Infrastructure,Indore,Madhya Pradesh,Central,1134390.7142857143,68.47619047619048,0.1872270798969433,Medium Value,0.0018722707989694328,0.6671676498867202
C0426,40,2623,47615070,30,1,Dealer,Infrastructure,Guwahati,Assam,North East,1190376.75,65.575,0.1871117832121029,Medium Value,0.0018711178321210288,0.6690387677188412
C0427,46,2646,47425980,30,1,Corporate,Mining,Vadodara,Gujarat,West,1030999.5652173914,57.52173913043478,0.18636872083526346,Medium Value,0.0018636872083526346,0.6709024549271938
C0036,39,2544,47362410,30,1,Fleet Owner,Construction,Kolkata,West Bengal,East,1214420.7692307692,65.23076923076923,0.1861189113514426,Medium Value,0.001861189113514426,0.6727636440407082
C0397,41,2720,47355040,30,1,Fleet Owner,Mining,Ahmedabad,Gujarat,West,1155000.975609756,66.34146341463415,0.18608994964158324,Medium Value,0.0018608994964158323,0.6746245435371241
C0442,36,2373,47299810,30,1,Dealer,Logistics,Kolkata,West Bengal,East,1313883.611111111,65.91666666666667,0.18587291365304423,Medium Value,0.0018587291365304423,0.6764832726736545
C0027,44,2664,47252220,30,1,Fleet Owner,Logistics,Surat,Gujarat,West,1073914.0909090908,60.54545454545455,0.18568590038680174,Medium Value,0.0018568590038680174,0.6783401316775225
C0066,38,2739,47238780,30,1,Retail,Manufacturing,Indore,Madhya Pradesh,Central,1243125.7894736843,72.07894736842105,0.18563308554548427,Medium Value,0.0018563308554548428,0.6801964625329774
C0181,40,2681,47189990,30,1,Government,Construction,Vadodara,Gujarat,West,1179749.75,67.025,0.18544135666840988,Medium Value,0.0018544135666840988,0.6820508760996615
C0360,34,2454,47187810,30,1,Dealer,Construction,Ahmedabad,Gujarat,West,1387876.7647058824,72.17647058823529,0.18543278997539858,Medium Value,0.0018543278997539857,0.6839052039994156
C0278,45,3072,47124980,30,1,Fleet Owner,Logistics,Ahmedabad,Gujarat,West,1047221.7777777778,68.26666666666667,0.18518588845159073,Medium Value,0.0018518588845159074,0.6857570628839315
C0112,40,2724,47047550,30,1,Fleet Owner,Mining,Hyderabad,Telangana,South,1176188.75,68.1,0.18488161366266126,Medium Value,0.0018488161366266125,0.687605879020558
C0072,30,2183,47027920,30,1,Government,Logistics,Pune,Maharashtra,West,1567597.3333333333,72.76666666666667,0.18480447412880247,Medium Value,0.0018480447412880245,0.6894539237618461
C0051,37,2634,47017080,30,1,Retail,Infrastructure,Jaipur,Rajasthan,North,1270731.8918918918,71.1891891891892,0.18476187644428746,Medium Value,0.0018476187644428745,0.691301542526289
C0148,40,2357,46876850,30,1,Government,Construction,Coimbatore,Tamil Nadu,South,1171921.25,58.925,0.18421081802182093,Medium Value,0.0018421081802182093,0.6931436507065072
C0068,42,2597,46858170,30,1,Retail,Mining,Delhi,Delhi,North,1115670.7142857143,61.833333333333336,0.18413741167987074,Medium Value,0.0018413741167987074,0.6949850248233059
C0245,37,2417,46663320,30,1,Dealer,Logistics,Chennai,Tamil Nadu,South,1261170.810810811,65.32432432432432,0.1833717143710381,Medium Value,0.001833717143710381,0.6968187419670163
C0266,37,2667,46658690,30,1,Fleet Owner,Rental,Bengaluru,Karnataka,South,1261045.6756756757,72.08108108108108,0.1833535199725783,Medium Value,0.0018335351997257829,0.698652277166742
C0444,35,2853,46629480,30,1,Dealer,Manufacturing,Chennai,Tamil Nadu,South,1332270.857142857,81.51428571428572,0.183238734145578,Medium Value,0.00183238734145578,0.7004846645081978
C0017,40,2469,46619950,30,1,Government,Infrastructure,Chennai,Tamil Nadu,South,1165498.75,61.725,0.18320128433622118,Medium Value,0.001832012843362212,0.70231667735156
C0164,39,2466,46613620,30,1,Government,Construction,Delhi,Delhi,North,1195221.0256410257,63.23076923076923,0.18317640948908284,Medium Value,0.0018317640948908283,0.7041484414464508
C0111,39,2663,46609900,30,1,Corporate,Construction,Chennai,Tamil Nadu,South,1195125.641025641,68.28205128205128,0.18316179109550387,Medium Value,0.0018316179109550388,0.7059800593574058
C0074,45,2880,46570120,30,1,Fleet Owner,Infrastructure,Bhubaneswar,Odisha,East,1034891.5555555555,64.0,0.18300546859642583,Medium Value,0.0018300546859642583,0.7078101140433701
C0296,41,2593,46533710,30,1,Corporate,Manufacturing,Kolkata,West Bengal,East,1134968.536585366,63.24390243902439,0.18286238910443403,Medium Value,0.0018286238910443404,0.7096387379344145
C0195,33,2247,46367090,30,1,Fleet Owner,Logistics,Kolkata,West Bengal,East,1405063.3333333333,68.0909090909091,0.18220762654042227,Medium Value,0.0018220762654042226,0.7114608141998187
C0018,36,2257,46340880,30,1,Retail,Construction,Ahmedabad,Gujarat,West,1287246.6666666667,62.69444444444444,0.1821046297405018,Medium Value,0.001821046297405018,0.7132818604972236
C0202,35,2704,46256330,30,1,Government,Logistics,Chandigarh,Punjab,North,1321609.4285714286,77.25714285714285,0.18177237566063625,Medium Value,0.0018177237566063625,0.71509958425383
C0095,31,2419,46147160,30,1,Fleet Owner,Logistics,Nagpur,Maharashtra,West,1488618.064516129,78.03225806451613,0.18134337296520253,Medium Value,0.0018134337296520254,0.7169130179834821
C0361,35,2366,46126450,30,1,Government,Logistics,Hyderabad,Telangana,South,1317898.5714285714,67.6,0.18126198938159502,Medium Value,0.0018126198938159502,0.718725637877298
C0370,41,2621,45980090,30,1,Corporate,Infrastructure,Kolkata,West Bengal,East,1121465.6097560977,63.926829268292686,0.18068684204712876,Medium Value,0.0018068684204712877,0.7205325062977693
C0185,39,2520,45894360,30,1,Dealer,Logistics,Pune,Maharashtra,West,1176778.4615384615,64.61538461538461,0.1803499509499452,Medium Value,0.0018034995094994518,0.7223360058072688
C0472,37,2818,45819430,30,1,Dealer,Manufacturing,Coimbatore,Tamil Nadu,South,1238362.972972973,76.16216216216216,0.18005550035024886,Medium Value,0.0018005550035024886,0.7241365608107713
C0330,41,2863,45803070,30,1,Retail,Infrastructure,Bhubaneswar,Odisha,East,1117148.0487804879,69.82926829268293,0.17999121085590705,Medium Value,0.0017999121085590705,0.7259364729193304
C0224,40,2639,45785060,30,1,Retail,Manufacturing,Kolkata,West Bengal,East,1144626.5,65.975,0.17992043739667135,Medium Value,0.0017992043739667135,0.7277356772932971
C0463,36,2670,45761800,30,1,Dealer,Mining,Nagpur,Maharashtra,West,1271161.111111111,74.16666666666667,0.179829033140046,Medium Value,0.00179829033140046,0.7295339676246976
C0029,38,2565,45653420,30,1,Dealer,Construction,Visakhapatnam,Andhra Pradesh,South,1201405.7894736843,67.5,0.17940313488840995,Medium Value,0.0017940313488840995,0.7313279989735817
C0480,37,2491,45569160,30,1,Government,Infrastructure,Mumbai,Maharashtra,West,1231598.9189189188,67.32432432432432,0.17907202041449546,Medium Value,0.0017907202041449546,0.7331187191777266
C0147,36,2494,45513830,30,1,Dealer,Rental,Delhi,Delhi,North,1264273.0555555555,69.27777777777777,0.1788545914583871,Medium Value,0.0017885459145838712,0.7349072650923105
C0477,37,2745,45390380,30,1,Government,Construction,Ahmedabad,Gujarat,West,1226767.027027027,74.1891891891892,0.17836947299405356,Medium Value,0.0017836947299405357,0.7366909598222511
C0323,40,2573,45380540,30,1,Government,Manufacturing,Ahmedabad,Gujarat,West,1134513.5,64.325,0.17833080498523185,Medium Value,0.0017833080498523186,0.7384742678721034
C0033,34,2412,45334540,30,1,Government,Mining,Chennai,Tamil Nadu,South,1333368.8235294118,70.94117647058823,0.17815003990334166,Medium Value,0.0017815003990334166,0.7402557682711368
C0393,42,2367,45246830,30,1,Retail,Rental,Kolkata,West Bengal,East,1077305.4761904762,56.357142857142854,0.17780536804828542,Medium Value,0.0017780536804828542,0.7420338219516197
C0289,40,2569,45171030,30,1,Corporate,Logistics,Hyderabad,Telangana,South,1129275.75,64.225,0.17750749863073592,Medium Value,0.0017750749863073593,0.7438088969379271
C0052,37,2379,45097920,30,1,Government,Manufacturing,Guwahati,Assam,North East,1218862.7027027027,64.29729729729729,0.17722020004080136,Medium Value,0.0017722020004080135,0.7455810989383351
C0098,37,2478,45007740,30,1,Corporate,Mining,Kolkata,West Bengal,East,1216425.4054054054,66.97297297297297,0.17686582188678274,Medium Value,0.0017686582188678273,0.747349757157203
C0159,36,2691,44984320,30,1,Dealer,Construction,Chennai,Tamil Nadu,South,1249564.4444444445,74.75,0.17677378888204645,Medium Value,0.0017677378888204646,0.7491174950460234
C0404,35,2374,44973650,30,1,Government,Mining,Ahmedabad,Gujarat,West,1284961.4285714286,67.82857142857142,0.17673185924239931,Medium Value,0.0017673185924239933,0.7508848136384474
C0285,51,2931,44949370,30,1,Government,Infrastructure,Pune,Maharashtra,West,881360.1960784313,57.470588235294116,0.17663644671656686,Medium Value,0.0017663644671656686,0.7526511781056131
C0011,41,2717,44933810,30,1,Retail,Infrastructure,Vadodara,Gujarat,West,1095946.5853658537,66.26829268292683,0.17657530096277968,Medium Value,0.0017657530096277967,0.7544169311152409
C0137,28,2094,44868410,30,1,Dealer,Infrastructure,Chennai,Tamil Nadu,South,1602443.2142857143,74.78571428571429,0.17631830017244013,Medium Value,0.0017631830017244014,0.7561801141169653
C0362,42,2667,44698950,30,1,Corporate,Rental,Vadodara,Gujarat,West,1064260.7142857143,63.5,0.17565237732945949,Medium Value,0.0017565237732945949,0.7579366378902599
C0345,44,2735,44678620,30,1,Retail,Infrastructure,Pune,Maharashtra,West,1015423.1818181818,62.15909090909091,0.1755724870226154,Medium Value,0.0017557248702261541,0.759692362760486
C0417,36,2290,44665420,30,1,Fleet Owner,Mining,Kolkata,West Bengal,East,1240706.111111111,63.611111111111114,0.17552061530346433,Medium Value,0.0017552061530346432,0.7614475689135206
C0058,41,2554,44614910,30,1,Retail,Infrastructure,Pune,Maharashtra,West,1088168.536585366,62.292682926829265,0.1753221273841975,Medium Value,0.001753221273841975,0.7632007901873625
C0022,39,2583,44585750,30,1,Retail,Infrastructure,Chennai,Tamil Nadu,South,1143224.358974359,66.23076923076923,0.1752075380409819,Medium Value,0.0017520753804098192,0.7649528655677723
C0325,33,1858,44540760,30,1,Corporate,Rental,Kolkata,West Bengal,East,1349720.0,56.303030303030305,0.17503074193154192,Medium Value,0.0017503074193154192,0.7667031729870877
C0389,33,2232,44362320,30,1,Retail,Mining,Surat,Gujarat,West,1344312.7272727273,67.63636363636364,0.17432953060083575,Medium Value,0.0017432953060083575,0.768446468293096
C0067,33,2337,44311920,30,1,Retail,Manufacturing,Ahmedabad,Gujarat,West,1342785.4545454546,70.81818181818181,0.1741314749458952,Medium Value,0.001741314749458952,0.770187783042555
C0405,37,2259,44240650,30,1,Corporate,Infrastructure,Pune,Maharashtra,West,1195693.2432432433,61.054054054054056,0.17385140695923623,Medium Value,0.0017385140695923623,0.7719262971121473
C0265,33,2390,44129000,30,1,Retail,Mining,Ahmedabad,Gujarat,West,1337242.4242424243,72.42424242424242,0.1734126586680832,Medium Value,0.001734126586680832,0.7736604236988281
C0090,45,2830,44051020,30,1,Government,Infrastructure,Delhi,Delhi,North,978911.5555555555,62.888888888888886,0.17310622255752242,Medium Value,0.001731062225575224,0.7753914859244033
C0044,38,2372,43843570,30,1,Government,Mining,Mumbai,Maharashtra,West,1153778.1578947369,62.421052631578945,0.17229101133495464,Medium Value,0.0017229101133495464,0.7771143960377529
C0423,35,2455,43818650,30,1,Dealer,Infrastructure,Visakhapatnam,Andhra Pradesh,South,1251961.4285714286,70.14285714285714,0.17219308381667847,Medium Value,0.0017219308381667847,0.7788363268759196
C0239,38,2334,43671220,30,1,Government,Logistics,Chennai,Tamil Nadu,South,1149242.6315789474,61.421052631578945,0.17161373172922045,Medium Value,0.0017161373172922044,0.7805524641932119
C0218,45,2735,43621310,30,1,Fleet Owner,Construction,Nagpur,Maharashtra,West,969362.4444444445,60.77777777777778,0.17141760161536956,Medium Value,0.0017141760161536958,0.7822666402093655
C0127,31,2386,43586400,30,1,Government,Construction,Kolkata,West Bengal,East,1406012.9032258065,76.96774193548387,0.17128041663691773,Medium Value,0.0017128041663691772,0.7839794443757347
C0348,35,2618,43554630,30,1,Retail,Logistics,Delhi,Delhi,North,1244418.0,74.8,0.17115557084014268,Medium Value,0.001711555708401427,0.7856910000841362
C0075,35,2375,43533480,30,1,Retail,Mining,Hyderabad,Telangana,South,1243813.7142857143,67.85714285714286,0.17107245819923014,Medium Value,0.0017107245819923014,0.7874017246661285
C0040,45,2696,43439870,30,1,Government,Logistics,Delhi,Delhi,North,965330.4444444445,59.91111111111111,0.17070460125758363,Medium Value,0.0017070460125758362,0.7891087706787043
C0014,31,2054,43395470,30,1,Fleet Owner,Construction,Kolkata,West Bengal,East,1399853.8709677418,66.25806451612904,0.17053012365680267,Medium Value,0.0017053012365680267,0.7908140719152723
C0446,36,2401,43391360,30,1,Retail,Logistics,Visakhapatnam,Andhra Pradesh,South,1205315.5555555555,66.69444444444444,0.17051397268970336,Medium Value,0.0017051397268970335,0.7925192116421693
C0324,38,2585,43386470,30,1,Corporate,Mining,Chennai,Tamil Nadu,South,1141749.2105263157,68.02631578947368,0.17049475657556326,Medium Value,0.0017049475657556327,0.794224159207925
C0114,36,2643,43340450,30,1,Retail,Mining,Kolkata,West Bengal,East,1203901.388888889,73.41666666666667,0.17031391290015924,Medium Value,0.0017031391290015924,0.7959272983369265
C0203,37,2453,43333790,30,1,Government,Manufacturing,Ahmedabad,Gujarat,West,1171183.5135135136,66.29729729729729,0.1702877412600421,Medium Value,0.0017028774126004208,0.797630175749527
C0432,41,2547,43308880,30,1,Fleet Owner,Mining,Hyderabad,Telangana,South,1056314.1463414633,62.1219512195122,0.17018985303852285,Medium Value,0.0017018985303852287,0.7993320742799123
C0387,38,2894,43291870,30,1,Dealer,Infrastructure,Kolkata,West Bengal,East,1139259.7368421052,76.15789473684211,0.17012300925498042,Medium Value,0.0017012300925498042,0.8010333043724621
C0287,36,2332,43261120,30,1,Dealer,Manufacturing,Chennai,Tamil Nadu,South,1201697.7777777778,64.77777777777777,0.17000217172741255,Medium Value,0.0017000217172741254,0.8027333260897362
C0223,34,2430,43216770,30,1,Corporate,Logistics,Ahmedabad,Gujarat,West,1271081.4705882352,71.47058823529412,0.16982789061041623,Medium Value,0.0016982789061041623,0.8044316049958404
C0338,38,2320,43157630,30,1,Corporate,Rental,Ahmedabad,Gujarat,West,1135727.105263158,61.05263157894737,0.16959548958991655,Medium Value,0.0016959548958991656,0.8061275598917396
C0220,47,2805,43066280,30,1,Government,Infrastructure,Indore,Madhya Pradesh,Central,916303.8297872341,59.680851063829785,0.16923651371533682,Medium Value,0.0016923651371533682,0.8078199250288929
C0019,43,2359,43064130,30,1,Government,Logistics,Kolkata,West Bengal,East,1001491.3953488372,54.86046511627907,0.16922806491259632,Medium Value,0.001692280649125963,0.8095122056780188
C0097,30,2152,43037580,30,1,Corporate,Construction,Pune,Maharashtra,West,1434586.0,71.73333333333333,0.16912373202294012,Medium Value,0.001691237320229401,0.8112034429982482
C0434,35,2174,42930130,30,1,Corporate,Mining,Indore,Madhya Pradesh,Central,1226575.142857143,62.114285714285714,0.1687014883696988,Medium Value,0.0016870148836969881,0.8128904578819451
C0118,39,2549,42906280,30,1,Retail,Rental,Chennai,Tamil Nadu,South,1100161.0256410257,65.35897435897436,0.16860776560441443,Low Value,0.0016860776560441444,0.8145765355379893
C0346,39,2411,42873560,30,1,Retail,Construction,Patna,Bihar,East,1099322.0512820513,61.82051282051282,0.1684791866157308,Low Value,0.0016847918661573081,0.8162613274041466
C0012,38,2001,42822150,30,1,Fleet Owner,Logistics,Chennai,Tamil Nadu,South,1126898.6842105263,52.6578947368421,0.16827716198834006,Low Value,0.0016827716198834007,0.81794409902403
C0210,32,2125,42817450,30,1,Retail,Infrastructure,Pune,Maharashtra,West,1338045.3125,66.40625,0.16825869251258174,Low Value,0.0016825869251258173,0.8196266859491558
C0133,31,2030,42807750,30,1,Government,Mining,Visakhapatnam,Andhra Pradesh,South,1380895.1612903227,65.48387096774194,0.16822057465835705,Low Value,0.0016822057465835706,0.8213088916957394
C0320,35,2146,42807100,30,1,Retail,Construction,Delhi,Delhi,North,1223060.0,61.31428571428572,0.16821802036915645,Low Value,0.0016821802036915644,0.822991071899431
C0298,37,2423,42797160,30,1,Fleet Owner,Construction,Chennai,Tamil Nadu,South,1156680.0,65.48648648648648,0.1681789593927654,Low Value,0.001681789593927654,0.8246728614933586
C0470,44,2622,42659850,30,1,Government,Mining,Chennai,Tamil Nadu,South,969542.0454545454,59.59090909090909,0.16763937562332318,Low Value,0.0016763937562332318,0.8263492552495918
C0233,34,2463,42607030,30,1,Government,Logistics,Kolkata,West Bengal,East,1253147.9411764706,72.44117647058823,0.16743181015320494,Low Value,0.0016743181015320494,0.8280235733511239
C0391,35,2274,42554570,30,1,Government,Construction,Ahmedabad,Gujarat,West,1215844.857142857,64.97142857142858,0.1672256593663363,Low Value,0.0016722565936633628,0.8296958299447872
C0214,35,2449,42524620,30,1,Corporate,Rental,Pune,Maharashtra,West,1214989.142857143,69.97142857142858,0.16710796557932298,Low Value,0.0016710796557932298,0.8313669096005805
C0497,33,2411,42503770,30,1,Government,Logistics,Chennai,Tamil Nadu,South,1287993.0303030303,73.06060606060606,0.16702603184111842,Low Value,0.0016702603184111842,0.8330371699189917
C0368,33,2185,42468360,30,1,Fleet Owner,Construction,Chennai,Tamil Nadu,South,1286920.0,66.21212121212122,0.1668868820248199,Low Value,0.0016688688202481992,0.8347060387392399
C0465,39,2713,42438980,30,1,Fleet Owner,Mining,Chennai,Tamil Nadu,South,1088178.9743589743,69.56410256410257,0.1667714281529518,Low Value,0.0016677142815295178,0.8363737530207694
C0144,31,2282,42387320,30,1,Fleet Owner,Construction,Mumbai,Maharashtra,West,1367332.9032258065,73.61290322580645,0.16656842110663772,Low Value,0.0016656842110663772,0.8380394372318358
C0299,37,2565,42381340,30,1,Retail,Logistics,Bengaluru,Karnataka,South,1145441.6216216215,69.32432432432432,0.16654492164599202,Low Value,0.0016654492164599201,0.8397048864482958
C0416,43,2911,42362580,30,1,Dealer,Manufacturing,Chennai,Tamil Nadu,South,985176.2790697674,67.69767441860465,0.16647120092998638,Low Value,0.0016647120092998637,0.8413695984575956
C0122,33,2233,42300750,29,1,Dealer,Rental,Guwahati,Assam,North East,1281840.9090909092,67.66666666666667,0.1662282290818718,Low Value,0.001662282290818718,0.8430318807484144
C0386,38,2488,42278620,30,1,Retail,Construction,Delhi,Delhi,North,1112595.2631578948,65.47368421052632,0.16614126535877985,Low Value,0.0016614126535877984,0.8446932934020022
C0400,38,2330,42250310,30,1,Government,Infrastructure,Delhi,Delhi,North,1111850.2631578948,61.31578947368421,0.16603001623990352,Low Value,0.0016603001623990352,0.8463535935644012
C0474,35,2257,42219110,30,1,Government,Logistics,Pune,Maharashtra,West,1206260.2857142857,64.48571428571428,0.16590741035827367,Low Value,0.0016590741035827365,0.848012667667984
C0308,36,2371,42189220,30,1,Retail,Mining,Delhi,Delhi,North,1171922.7777777778,65.86111111111111,0.16578995235180197,Low Value,0.0016578995235180197,0.849670567191502
C0388,34,2182,41959050,30,1,Fleet Owner,Infrastructure,Pune,Maharashtra,West,1234089.705882353,64.17647058823529,0.1648854588974832,Low Value,0.0016488545889748322,0.8513194217804768
C0484,31,2368,41941080,30,1,Fleet Owner,Mining,Ahmedabad,Gujarat,West,1352938.064516129,76.38709677419355,0.16481484262527524,Low Value,0.0016481484262527524,0.8529675702067295
C0372,37,2270,41848360,30,1,Government,Logistics,Hyderabad,Telangana,South,1131036.7567567567,61.351351351351354,0.16445048309499571,Low Value,0.0016445048309499573,0.8546120750376794
C0352,37,2463,41846330,30,1,Corporate,Mining,Bengaluru,Karnataka,South,1130981.8918918918,66.56756756756756,0.1644425058533384,Low Value,0.001644425058533384,0.8562565000962128
C0199,38,2572,41788400,30,1,Government,Mining,Ahmedabad,Gujarat,West,1099694.7368421052,67.6842105263158,0.16421485974042757,Low Value,0.0016421485974042757,0.8578986486936171
C0313,32,2205,41705840,30,1,Corporate,Mining,Ahmedabad,Gujarat,West,1303307.5,68.90625,0.1638904257151916,Low Value,0.0016389042571519161,0.8595375529507691
C0167,35,2402,41587150,30,1,Retail,Mining,Vadodara,Gujarat,West,1188204.2857142857,68.62857142857143,0.16342401250715802,Low Value,0.0016342401250715802,0.8611717930758407
C0441,35,2635,41532900,30,1,Dealer,Construction,Lucknow,Uttar Pradesh,North,1186654.2857142857,75.28571428571429,0.1632108276007984,Low Value,0.001632108276007984,0.8628039013518487
C0332,39,2412,41463910,30,1,Corporate,Mining,Bengaluru,Karnataka,South,1063177.1794871795,61.84615384615385,0.16293971927472006,Low Value,0.0016293971927472007,0.8644332985445959
C0305,33,2044,41460360,30,1,Fleet Owner,Logistics,Delhi,Delhi,North,1256374.5454545454,61.93939393939394,0.162925768926009,Low Value,0.0016292576892600898,0.8660625562338561
C0087,41,2659,41444460,30,1,Government,Logistics,Hyderabad,Telangana,South,1010840.487804878,64.85365853658537,0.16286328708248607,Low Value,0.0016286328708248607,0.8676911891046809
C0281,31,2247,41345180,30,1,Government,Logistics,Visakhapatnam,Andhra Pradesh,South,1333715.4838709678,72.48387096774194,0.16247314887965875,Low Value,0.0016247314887965873,0.8693159205934775
C0057,35,2363,41341790,30,1,Retail,Logistics,Kolkata,West Bengal,East,1181194.0,67.51428571428572,0.16245982727905856,Low Value,0.0016245982727905856,0.8709405188662681
C0136,42,2411,41124050,30,1,Dealer,Mining,Ahmedabad,Gujarat,West,979144.0476190476,57.404761904761905,0.16160417969360708,Low Value,0.0016160417969360709,0.8725565606632042
C0120,36,2534,41105250,30,1,Fleet Owner,Construction,Bengaluru,Karnataka,South,1141812.5,70.38888888888889,0.1615303017905737,Low Value,0.001615303017905737,0.8741718636811099
C0451,42,2397,41063830,30,1,Government,Manufacturing,Ranchi,Jharkhand,East,977710.2380952381,57.07142857142857,0.16136753462335868,Low Value,0.0016136753462335867,0.8757855390273435
C0317,38,2529,40944770,30,1,Corporate,Manufacturing,Coimbatore,Tamil Nadu,South,1077493.9473684211,66.55263157894737,0.16089966743531856,Low Value,0.0016089966743531856,0.8773945357016967
C0339,27,1972,40846800,30,1,Fleet Owner,Logistics,Chennai,Tamil Nadu,South,1512844.4444444445,73.03703703703704,0.1605146771076494,Low Value,0.001605146771076494,0.8789996824727732
C0208,34,2464,40653790,30,1,Fleet Owner,Logistics,Jaipur,Rajasthan,North,1195699.705882353,72.47058823529412,0.15975621040209237,Low Value,0.0015975621040209237,0.8805972445767941
C0163,40,2598,40457330,30,1,Dealer,Logistics,Ahmedabad,Gujarat,West,1011433.25,64.95,0.15898418631539357,Low Value,0.0015898418631539357,0.882187086439948
C0473,31,2056,40406800,30,1,Government,Rental,Chennai,Tamil Nadu,South,1303445.1612903227,66.3225806451613,0.1587856198026129,Low Value,0.001587856198026129,0.8837749426379742
C0048,34,2181,40336880,30,1,Dealer,Mining,Hyderabad,Telangana,South,1186378.8235294118,64.1470588235294,0.15851085687813982,Low Value,0.001585108568781398,0.8853600512067555
C0316,38,2180,40257180,30,1,Dealer,Manufacturing,Kolkata,West Bengal,East,1059399.4736842106,57.36842105263158,0.15819766172538663,Low Value,0.0015819766172538662,0.8869420278240094
C0402,39,2501,40181870,30,1,Fleet Owner,Rental,Hyderabad,Telangana,South,1030304.358974359,64.12820512820512,0.15790171784892684,Low Value,0.0015790171784892683,0.8885210450024987
C0089,40,2383,40101850,30,1,Corporate,Rental,Surat,Gujarat,West,1002546.25,59.575,0.15758726519995178,Low Value,0.0015758726519995178,0.8900969176544983
C0100,42,2513,40056040,30,1,Government,Construction,Chandigarh,Punjab,North,953715.2380952381,59.833333333333336,0.15740724675644333,Low Value,0.0015740724675644333,0.8916709901220627
C0132,39,2419,40004370,30,1,Corporate,Construction,Indore,Madhya Pradesh,Central,1025753.0769230769,62.02564102564103,0.15720420041337232,Low Value,0.0015720420041337234,0.8932430321261965
C0003,40,2365,39965740,30,1,Government,Logistics,Surat,Gujarat,West,999143.5,59.125,0.1570523970413415,Low Value,0.001570523970413415,0.89481355609661
C0452,42,2639,39890320,30,1,Fleet Owner,Mining,Hyderabad,Telangana,South,949769.5238095238,62.833333333333336,0.1567560209005555,Low Value,0.0015675602090055548,0.8963811163056155
C0252,38,2324,39885550,30,1,Retail,Construction,Chennai,Tamil Nadu,South,1049619.7368421052,61.1578947368421,0.1567372763474986,Low Value,0.001567372763474986,0.8979484890690904
C0243,34,2421,39757700,30,1,Government,Construction,Delhi,Delhi,North,1169344.1176470588,71.20588235294117,0.15623486731011468,Low Value,0.001562348673101147,0.8995108377421915
C0382,37,2710,39722420,30,1,Retail,Manufacturing,Hyderabad,Telangana,South,1073578.9189189188,73.24324324324324,0.15609622835165632,Low Value,0.0015609622835165632,0.9010718000257081
C0043,37,2535,39495710,30,1,Corporate,Construction,Chennai,Tamil Nadu,South,1067451.6216216215,68.51351351351352,0.15520533157523625,Low Value,0.0015520533157523625,0.9026238533414604
C0094,33,2188,39474600,30,1,Corporate,Logistics,Pune,Maharashtra,West,1196200.0,66.3030303030303,0.15512237612135144,Low Value,0.0015512237612135143,0.904175077102674
C0431,31,2010,39337010,30,1,Government,Logistics,Nagpur,Maharashtra,West,1268935.8064516129,64.83870967741936,0.1545816920427151,Low Value,0.0015458169204271512,0.9057208940231011
C0194,36,1845,39279180,30,1,Fleet Owner,Construction,Visakhapatnam,Andhra Pradesh,South,1091088.3333333333,51.25,0.15435443889737363,Low Value,0.0015435443889737362,0.9072644384120748
C0344,30,2125,39253370,30,1,Fleet Owner,Mining,Mumbai,Maharashtra,West,1308445.6666666667,70.83333333333333,0.15425301396773045,Low Value,0.0015425301396773045,0.9088069685517521
C0418,32,2243,39210750,30,1,Government,Mining,Pune,Maharashtra,West,1225335.9375,70.09375,0.1540855311896835,Low Value,0.001540855311896835,0.910347823863649
C0226,28,2327,39194740,30,1,Dealer,Logistics,Ahmedabad,Gujarat,West,1399812.142857143,83.10714285714286,0.15402261708183435,Low Value,0.0015402261708183434,0.9118880500344674
C0143,29,2049,39164970,30,1,Corporate,Infrastructure,Chennai,Tamil Nadu,South,1350516.2068965517,70.65517241379311,0.15390563063644583,Low Value,0.0015390563063644583,0.9134271063408318
C0121,36,1978,39128960,30,1,Government,Construction,Pune,Maharashtra,West,1086915.5555555555,54.94444444444444,0.15376412301473136,Low Value,0.0015376412301473137,0.9149647475709791
C0350,37,2189,39052200,30,1,Dealer,Logistics,Guwahati,Assam,North East,1055464.8648648649,59.16216216216216,0.15346248110851637,Low Value,0.0015346248110851637,0.9164993723820642
C0187,31,2049,38937400,30,1,Retail,Rental,Jaipur,Rajasthan,North,1256045.1612903227,66.09677419354838,0.15301135433892957,Low Value,0.0015301135433892956,0.9180294859254535
C0092,41,2301,38901670,30,1,Fleet Owner,Logistics,Ahmedabad,Gujarat,West,948821.2195121951,56.1219512195122,0.15287094702640922,Low Value,0.0015287094702640923,0.9195581953957176
C0412,37,2070,38694470,30,1,Corporate,Infrastructure,Kolkata,West Bengal,East,1045796.4864864865,55.945945945945944,0.15205671822276476,Low Value,0.0015205671822276475,0.9210787625779452
C0267,33,2205,38686930,30,1,Fleet Owner,Infrastructure,Hyderabad,Telangana,South,1172331.2121212122,66.81818181818181,0.15202708846803753,Low Value,0.0015202708846803752,0.9225990334626256
C0008,36,2319,38574950,30,1,Corporate,Logistics,Mumbai,Maharashtra,West,1071526.388888889,64.41666666666667,0.15158704338390572,Low Value,0.0015158704338390572,0.9241149038964647
C0037,38,2071,38561970,30,1,Corporate,Construction,Pune,Maharashtra,West,1014788.6842105263,54.5,0.15153603619340716,Low Value,0.0015153603619340716,0.9256302642583988
C0437,32,2097,38523930,30,1,Dealer,Mining,Nagpur,Maharashtra,West,1203872.8125,65.53125,0.15138655133003537,Low Value,0.0015138655133003537,0.9271441297716991
C0125,36,2036,38490080,30,1,Government,Mining,Surat,Gujarat,West,1069168.888888889,56.55555555555556,0.15125353180781836,Low Value,0.0015125353180781835,0.9286566650897773
C0020,41,2338,38461450,30,1,Dealer,Logistics,Kolkata,West Bengal,East,938084.1463414634,57.02439024390244,0.15114102519272016,Low Value,0.0015114102519272017,0.9301680753417045
C0212,35,2096,38459600,30,1,Retail,Infrastructure,Guwahati,Assam,North East,1098845.7142857143,59.885714285714286,0.15113375529268763,Low Value,0.0015113375529268763,0.9316794128946314
C0115,33,2177,38312450,30,1,Fleet Owner,Mining,Visakhapatnam,Andhra Pradesh,South,1160983.3333333333,65.96969696969697,0.1505555035144237,Low Value,0.0015055550351442371,0.9331849679297757
C0262,30,2116,38179240,30,1,Corporate,Logistics,Delhi,Delhi,North,1272641.3333333333,70.53333333333333,0.1500320314153239,Low Value,0.001500320314153239,0.9346852882439289
C0053,31,2062,38021810,29,1,Fleet Owner,Construction,Delhi,Delhi,North,1226510.0,66.51612903225806,0.14941338257093323,Low Value,0.0014941338257093324,0.9361794220696382
C0139,36,2222,38021440,30,1,Government,Mining,Ahmedabad,Gujarat,West,1056151.111111111,61.72222222222222,0.14941192859092672,Low Value,0.0014941192859092673,0.9376735413555475
C0170,32,2167,37935380,30,1,Government,Construction,Bengaluru,Karnataka,South,1185480.625,67.71875,0.14907374070076435,Low Value,0.0014907374070076435,0.9391642787625551
C0494,32,2140,37868420,30,1,Corporate,Construction,Ranchi,Jharkhand,East,1183388.125,66.875,0.14881060961634335,Low Value,0.0014881060961634334,0.9406523848587186
C0007,36,2263,37839490,30,1,Corporate,Manufacturing,Pune,Maharashtra,West,1051096.9444444445,62.861111111111114,0.1486969240985372,Low Value,0.001486969240985372,0.942139354099704
C0351,38,2488,37753190,30,1,Corporate,Rental,Bhubaneswar,Odisha,East,993505.0,65.47368421052632,0.14835779308620842,Low Value,0.0014835779308620843,0.943622932030566
C0430,29,2199,37535780,30,1,Retail,Manufacturing,Nagpur,Maharashtra,West,1294337.2413793104,75.82758620689656,0.14750344229373574,Low Value,0.0014750344229373573,0.9450979664535034
C0079,33,1990,37415140,30,1,Retail,Rental,Delhi,Delhi,North,1133792.121212121,60.303030303030305,0.14702936621810025,Low Value,0.0014702936621810026,0.9465682601156844
C0392,34,1945,37128430,30,1,Fleet Owner,Logistics,Kolkata,West Bengal,East,1092012.6470588236,57.205882352941174,0.1459026889000843,Low Value,0.001459026889000843,0.9480272870046852
C0366,30,1771,36772070,30,1,Corporate,Logistics,Kolkata,West Bengal,East,1225735.6666666667,59.03333333333333,0.14450230967003244,Low Value,0.0014450230967003245,0.9494723101013856
C0454,37,2154,36757440,30,1,Government,Mining,Pune,Maharashtra,West,993444.3243243244,58.21621621621622,0.14444481851464,Low Value,0.0014444481851464,0.950916758286532
C0500,29,2099,36693490,30,1,Corporate,Infrastructure,Kolkata,West Bengal,East,1265292.7586206896,72.37931034482759,0.1441935157540557,Low Value,0.001441935157540557,0.9523586934440725
C0487,31,1910,36312870,30,1,Dealer,Mining,Visakhapatnam,Andhra Pradesh,South,1171382.9032258065,61.61290322580645,0.14269780259168527,Low Value,0.0014269780259168526,0.9537856714699894
C0283,33,2160,36153120,30,1,Retail,Logistics,Jaipur,Rajasthan,North,1095549.0909090908,65.45454545454545,0.1420700368996862,Low Value,0.001420700368996862,0.9552063718389863
C0336,39,2261,36133900,30,1,Government,Rental,Kolkata,West Bengal,East,926510.2564102564,57.97435897435897,0.14199450853286166,Low Value,0.0014199450853286165,0.9566263169243149
C0229,29,1653,36130700,30,1,Government,Mining,Patna,Bihar,East,1245886.2068965517,57.0,0.1419819335706432,Low Value,0.001419819335706432,0.9580461362600213
C0277,38,2337,35987190,30,1,Dealer,Logistics,Surat,Gujarat,West,947031.3157894737,61.5,0.14141798581190276,Low Value,0.0014141798581190277,0.9594603161181403
C0117,35,2207,35972400,30,1,Government,Mining,Guwahati,Assam,North East,1027782.8571428572,63.05714285714286,0.14135986590839938,Low Value,0.0014135986590839938,0.9608739147772243
C0182,32,2103,35873070,30,1,Dealer,Infrastructure,Kolkata,West Bengal,East,1121033.4375,65.71875,0.14096953122178738,Low Value,0.0014096953122178738,0.9622836100894422
C0155,36,2002,35744630,30,1,Fleet Owner,Mining,Kolkata,West Bengal,East,992906.3888888889,55.611111111111114,0.14046480367574443,Low Value,0.0014046480367574444,0.9636882581261996
C0151,31,2127,35615980,30,1,Government,Infrastructure,Kolkata,West Bengal,East,1148902.5806451612,68.61290322580645,0.13995925089780595,Low Value,0.0013995925089780594,0.9650878506351777
C0248,30,1809,35510400,30,1,Fleet Owner,Rental,Pune,Maharashtra,West,1183680.0,60.3,0.13954435573811103,Low Value,0.0013954435573811104,0.9664832941925587
C0150,34,2121,35468440,29,1,Fleet Owner,Manufacturing,Ahmedabad,Gujarat,West,1043189.4117647059,62.38235294117647,0.13937946654602165,Low Value,0.0013937946654602165,0.9678770888580189
C0179,35,2354,35257010,30,1,Government,Infrastructure,Chennai,Tamil Nadu,South,1007343.1428571428,67.25714285714285,0.13854861521419465,Low Value,0.0013854861521419466,0.9692625750101609
C0104,36,2259,35121810,30,1,Fleet Owner,Infrastructure,Visakhapatnam,Andhra Pradesh,South,975605.8333333334,62.75,0.13801732306046524,Low Value,0.0013801732306046525,0.9706427482407656
C0078,33,2156,34591140,30,1,Dealer,Rental,Visakhapatnam,Andhra Pradesh,South,1048216.3636363636,65.33333333333333,0.1359319620603204,Low Value,0.0013593196206032041,0.9720020678613688
C0334,37,2057,34503010,30,1,Corporate,Mining,Chennai,Tamil Nadu,South,932513.7837837838,55.5945945945946,0.135585639741473,Low Value,0.00135585639741473,0.9733579242587835
C0271,28,1929,34224570,29,1,Corporate,Infrastructure,Hyderabad,Telangana,South,1222306.0714285714,68.89285714285714,0.13449146084144034,Low Value,0.0013449146084144033,0.9747028388671979
C0204,33,2029,34104450,30,1,Retail,Rental,Coimbatore,Tamil Nadu,South,1033468.1818181818,61.484848484848484,0.13401942819716536,Low Value,0.0013401942819716536,0.9760430331491695
C0034,33,1992,33729240,30,1,Government,Construction,Pune,Maharashtra,West,1022098.1818181818,60.36363636363637,0.13254497458029546,Low Value,0.0013254497458029546,0.9773684828949725
C0108,26,1870,33566370,30,1,Corporate,Rental,Jaipur,Rajasthan,North,1291014.2307692308,71.92307692307692,0.13190494830013344,Low Value,0.0013190494830013343,0.9786875323779738
C0028,34,2094,33463430,30,1,Retail,Infrastructure,Bengaluru,Karnataka,South,984218.5294117647,61.588235294117645,0.13150042748426874,Low Value,0.0013150042748426875,0.9800025366528164
C0091,32,2175,33399030,30,1,Retail,Construction,Coimbatore,Tamil Nadu,South,1043719.6875,67.96875,0.13124735636962248,Low Value,0.0013124735636962249,0.9813150102165127
C0322,29,1995,32591500,30,1,Government,Construction,Ahmedabad,Gujarat,West,1123844.8275862068,68.79310344827586,0.12807402535704035,Low Value,0.0012807402535704034,0.9825957504700831
C0183,32,2115,32501510,30,1,Government,Mining,Ahmedabad,Gujarat,West,1015672.1875,66.09375,0.12772039384140346,Low Value,0.0012772039384140346,0.9838729544084971
C0177,30,2178,31520790,30,1,Dealer,Construction,Pune,Maharashtra,West,1050693.0,72.6,0.12386648229550479,Low Value,0.0012386648229550479,0.9851116192314522
C0479,29,1874,31298140,30,1,Retail,Construction,Mumbai,Maharashtra,West,1079246.2068965517,64.62068965517241,0.12299154000239935,Low Value,0.0012299154000239936,0.9863415346314762
C0061,32,1620,31227160,30,1,Dealer,Construction,Surat,Gujarat,West,975848.75,50.625,0.12271261162169143,Low Value,0.0012271261162169144,0.9875686607476931
C0238,32,1995,30976180,30,1,Corporate,Construction,Chennai,Tamil Nadu,South,968005.625,62.34375,0.12172634161619583,Low Value,0.0012172634161619583,0.988785924163855
C0292,31,1714,30669960,30,1,Corporate,Rental,Indore,Madhya Pradesh,Central,989353.5483870967,55.29032258064516,0.12052299632540427,Low Value,0.0012052299632540427,0.989991154127109
C0279,28,2104,30576800,30,1,Dealer,Rental,Nagpur,Maharashtra,West,1092028.5714285714,75.14285714285714,0.12015690773781972,Low Value,0.0012015690773781972,0.9911927232044873
C0303,31,1997,30524560,30,1,Corporate,Mining,Ahmedabad,Gujarat,West,984663.2258064516,64.41935483870968,0.11995162147960356,Low Value,0.0011995162147960356,0.9923922394192833
C0309,32,1893,30418360,30,1,Government,Manufacturing,Ahmedabad,Gujarat,West,950573.75,59.15625,0.11953428992097885,Low Value,0.0011953428992097885,0.9935875823184931
C0145,37,1984,29769500,30,1,Retail,Construction,Pune,Maharashtra,West,804581.0810810811,53.62162162162162,0.11698448055064703,Low Value,0.0011698448055064703,0.9947574271239996
C0174,34,1916,29047310,30,1,Government,Mining,Ahmedabad,Gujarat,West,854332.6470588235,56.35294117647059,0.11414650806172812,Low Value,0.0011414650806172812,0.9958988922046169
C0353,30,1935,28192110,30,1,Dealer,Manufacturing,Delhi,Delhi,North,939737.0,64.5,0.11078584940884804,Low Value,0.0011078584940884804,0.9970067506987054
C0456,29,1677,26909060,30,1,Corporate,Mining,Delhi,Delhi,North,927898.6206896552,57.827586206896555,0.10574387901060461,Low Value,0.001057438790106046,0.9980641894888114
C0180,31,2147,26408930,29,1,Fleet Owner,Logistics,Hyderabad,Telangana,South,851900.9677419355,69.25806451612904,0.10377853030613209,Low Value,0.0010377853030613209,0.9991019747918727
C0347,27,1584,22852400,30,1,Retail,Mining,Delhi,Delhi,North,846385.1851851852,58.666666666666664,0.08980252081276495,Low Value,0.0008980252081276495,1.0000000000000002
